ISO-10303-21;
HEADER;

/* File generated by Shapr3D Version 26.50.0.10685 */

FILE_DESCRIPTION(('HOOPS Exchange Step'),'2;1');

FILE_NAME('/Users/georgewhite/Library/Containers/com.shapr3d.shapr/Data/tmp/export/temp_export',
'2026-04-13T15:36:52-04:00',
('georgewhite'),
('Shapr3D Limited'),
'HOOPS Exchange 2025.9',
'Shapr3D',
'Authorized');

FILE_SCHEMA( ('AP242_MANAGED_MODEL_BASED_3D_ENGINEERING_MIM_LF {1 0 10303 442 1 1 4}') );

ENDSEC;

DATA;
#3=(NAMED_UNIT(*)PLANE_ANGLE_UNIT()SI_UNIT($,.RADIAN.));
#4=PLANE_ANGLE_MEASURE_WITH_UNIT(PLANE_ANGLE_MEASURE(0.0174532925),#3);
#5=(CONVERSION_BASED_UNIT('DEGREE',#4)NAMED_UNIT(#6)PLANE_ANGLE_UNIT());
#6=DIMENSIONAL_EXPONENTS(0.,0.,0.,0.,0.,0.,0.);
#7=(NAMED_UNIT(*)SI_UNIT($,.STERADIAN.)SOLID_ANGLE_UNIT());
#8=(LENGTH_UNIT()NAMED_UNIT(*)SI_UNIT(.MILLI.,.METRE.));
#9=UNCERTAINTY_MEASURE_WITH_UNIT(LENGTH_MEASURE(1.000000E-05),#8,'DISTANCE_ACCURACY_VALUE','Maximum Tolerance applied to model');
#10=(GEOMETRIC_REPRESENTATION_CONTEXT(3)GLOBAL_UNCERTAINTY_ASSIGNED_CONTEXT((#9))GLOBAL_UNIT_ASSIGNED_CONTEXT((#8,#5,#7))REPRESENTATION_CONTEXT('','back plate'));
#12=CARTESIAN_POINT('',(0.,0.,0.));
#13=DIRECTION('',(0.,0.,1.));
#14=DIRECTION('',(1.,0.,0.));
#15=AXIS2_PLACEMENT_3D('TS3D_PRODUCT_CSYS',#12,#13,#14);
#27=CARTESIAN_POINT('',(0.,95.,0.));
#28=DIRECTION('',(0.,1.,0.));
#29=DIRECTION('',(0.,0.,1.));
#30=AXIS2_PLACEMENT_3D('',#27,#28,#29);
#31=PLANE('',#30);
#32=CARTESIAN_POINT('',(-0.5,95.,13.151));
#33=VERTEX_POINT('',#32);
#34=CARTESIAN_POINT('',(-0.5,95.,11.5));
#35=DIRECTION('',(0.,1.,0.));
#36=DIRECTION('',(0.,-0.,1.));
#37=AXIS2_PLACEMENT_3D('',#34,#35,#36);
#38=CIRCLE('',#37,1.651);
#39=EDGE_CURVE('',#33,#33,#38,.T.);
#40=ORIENTED_EDGE('',*,*,#39,.T.);
#41=EDGE_LOOP('',(#40));
#42=FACE_BOUND('',#41,.T.);
#43=CARTESIAN_POINT('',(-0.5,95.,-9.849));
#44=VERTEX_POINT('',#43);
#45=CARTESIAN_POINT('',(-0.5,95.,-11.5));
#46=DIRECTION('',(0.,1.,0.));
#47=DIRECTION('',(0.,-0.,1.));
#48=AXIS2_PLACEMENT_3D('',#45,#46,#47);
#49=CIRCLE('',#48,1.651);
#50=EDGE_CURVE('',#44,#44,#49,.T.);
#51=ORIENTED_EDGE('',*,*,#50,.T.);
#52=EDGE_LOOP('',(#51));
#53=FACE_BOUND('',#52,.T.);
#54=CARTESIAN_POINT('',(39.,95.,8.));
#55=VERTEX_POINT('',#54);
#56=CARTESIAN_POINT('',(39.,95.,-8.));
#57=VERTEX_POINT('',#56);
#58=CARTESIAN_POINT('',(39.,95.,8.));
#59=DIRECTION('',(0.,0.,-1.));
#60=VECTOR('',#59,16.);
#61=LINE('',#58,#60);
#62=EDGE_CURVE('',#55,#57,#61,.T.);
#63=ORIENTED_EDGE('',*,*,#62,.T.);
#64=CARTESIAN_POINT('',(37.,95.,-8.));
#65=VERTEX_POINT('',#64);
#66=CARTESIAN_POINT('',(38.,95.,-8.));
#67=DIRECTION('',(0.,1.,0.));
#68=DIRECTION('',(0.,-0.,1.));
#69=AXIS2_PLACEMENT_3D('',#66,#67,#68);
#70=CIRCLE('',#69,1.);
#71=EDGE_CURVE('',#57,#65,#70,.T.);
#72=ORIENTED_EDGE('',*,*,#71,.T.);
#73=CARTESIAN_POINT('',(37.,95.,8.));
#74=VERTEX_POINT('',#73);
#75=CARTESIAN_POINT('',(37.,95.,-8.));
#76=DIRECTION('',(0.,0.,1.));
#77=VECTOR('',#76,16.);
#78=LINE('',#75,#77);
#79=EDGE_CURVE('',#65,#74,#78,.T.);
#80=ORIENTED_EDGE('',*,*,#79,.T.);
#81=CARTESIAN_POINT('',(38.,95.,9.));
#82=VERTEX_POINT('',#81);
#83=CARTESIAN_POINT('',(38.,95.,8.));
#84=DIRECTION('',(0.,1.,0.));
#85=DIRECTION('',(0.,-0.,1.));
#86=AXIS2_PLACEMENT_3D('',#83,#84,#85);
#87=CIRCLE('',#86,1.);
#88=EDGE_CURVE('',#74,#82,#87,.T.);
#89=ORIENTED_EDGE('',*,*,#88,.T.);
#90=CARTESIAN_POINT('',(38.,95.,8.));
#91=DIRECTION('',(0.,1.,0.));
#92=DIRECTION('',(0.,-0.,1.));
#93=AXIS2_PLACEMENT_3D('',#90,#91,#92);
#94=CIRCLE('',#93,1.);
#95=EDGE_CURVE('',#82,#55,#94,.T.);
#96=ORIENTED_EDGE('',*,*,#95,.T.);
#97=EDGE_LOOP('',(#63,#72,#80,#89,#96));
#98=FACE_BOUND('',#97,.T.);
#99=CARTESIAN_POINT('',(35.,95.,8.));
#100=VERTEX_POINT('',#99);
#101=CARTESIAN_POINT('',(35.,95.,-8.));
#102=VERTEX_POINT('',#101);
#103=CARTESIAN_POINT('',(35.,95.,8.));
#104=DIRECTION('',(0.,0.,-1.));
#105=VECTOR('',#104,16.);
#106=LINE('',#103,#105);
#107=EDGE_CURVE('',#100,#102,#106,.T.);
#108=ORIENTED_EDGE('',*,*,#107,.T.);
#109=CARTESIAN_POINT('',(33.,95.,-8.));
#110=VERTEX_POINT('',#109);
#111=CARTESIAN_POINT('',(34.,95.,-8.));
#112=DIRECTION('',(0.,1.,0.));
#113=DIRECTION('',(0.,-0.,1.));
#114=AXIS2_PLACEMENT_3D('',#111,#112,#113);
#115=CIRCLE('',#114,1.);
#116=EDGE_CURVE('',#102,#110,#115,.T.);
#117=ORIENTED_EDGE('',*,*,#116,.T.);
#118=CARTESIAN_POINT('',(33.,95.,8.));
#119=VERTEX_POINT('',#118);
#120=CARTESIAN_POINT('',(33.,95.,-8.));
#121=DIRECTION('',(0.,0.,1.));
#122=VECTOR('',#121,16.);
#123=LINE('',#120,#122);
#124=EDGE_CURVE('',#110,#119,#123,.T.);
#125=ORIENTED_EDGE('',*,*,#124,.T.);
#126=CARTESIAN_POINT('',(34.,95.,9.));
#127=VERTEX_POINT('',#126);
#128=CARTESIAN_POINT('',(34.,95.,8.));
#129=DIRECTION('',(0.,1.,0.));
#130=DIRECTION('',(0.,-0.,1.));
#131=AXIS2_PLACEMENT_3D('',#128,#129,#130);
#132=CIRCLE('',#131,1.);
#133=EDGE_CURVE('',#119,#127,#132,.T.);
#134=ORIENTED_EDGE('',*,*,#133,.T.);
#135=CARTESIAN_POINT('',(34.,95.,8.));
#136=DIRECTION('',(0.,1.,0.));
#137=DIRECTION('',(0.,-0.,1.));
#138=AXIS2_PLACEMENT_3D('',#135,#136,#137);
#139=CIRCLE('',#138,1.);
#140=EDGE_CURVE('',#127,#100,#139,.T.);
#141=ORIENTED_EDGE('',*,*,#140,.T.);
#142=EDGE_LOOP('',(#108,#117,#125,#134,#141));
#143=FACE_BOUND('',#142,.T.);
#144=CARTESIAN_POINT('',(23.,95.,8.));
#145=VERTEX_POINT('',#144);
#146=CARTESIAN_POINT('',(23.,95.,-8.));
#147=VERTEX_POINT('',#146);
#148=CARTESIAN_POINT('',(23.,95.,8.));
#149=DIRECTION('',(0.,0.,-1.));
#150=VECTOR('',#149,16.);
#151=LINE('',#148,#150);
#152=EDGE_CURVE('',#145,#147,#151,.T.);
#153=ORIENTED_EDGE('',*,*,#152,.T.);
#154=CARTESIAN_POINT('',(21.,95.,-8.));
#155=VERTEX_POINT('',#154);
#156=CARTESIAN_POINT('',(22.,95.,-8.));
#157=DIRECTION('',(0.,1.,0.));
#158=DIRECTION('',(0.,-0.,1.));
#159=AXIS2_PLACEMENT_3D('',#156,#157,#158);
#160=CIRCLE('',#159,1.);
#161=EDGE_CURVE('',#147,#155,#160,.T.);
#162=ORIENTED_EDGE('',*,*,#161,.T.);
#163=CARTESIAN_POINT('',(21.,95.,8.));
#164=VERTEX_POINT('',#163);
#165=CARTESIAN_POINT('',(21.,95.,-8.));
#166=DIRECTION('',(0.,0.,1.));
#167=VECTOR('',#166,16.);
#168=LINE('',#165,#167);
#169=EDGE_CURVE('',#155,#164,#168,.T.);
#170=ORIENTED_EDGE('',*,*,#169,.T.);
#171=CARTESIAN_POINT('',(22.,95.,9.));
#172=VERTEX_POINT('',#171);
#173=CARTESIAN_POINT('',(22.,95.,8.));
#174=DIRECTION('',(0.,1.,0.));
#175=DIRECTION('',(0.,-0.,1.));
#176=AXIS2_PLACEMENT_3D('',#173,#174,#175);
#177=CIRCLE('',#176,1.);
#178=EDGE_CURVE('',#164,#172,#177,.T.);
#179=ORIENTED_EDGE('',*,*,#178,.T.);
#180=CARTESIAN_POINT('',(22.,95.,8.));
#181=DIRECTION('',(0.,1.,0.));
#182=DIRECTION('',(0.,-0.,1.));
#183=AXIS2_PLACEMENT_3D('',#180,#181,#182);
#184=CIRCLE('',#183,1.);
#185=EDGE_CURVE('',#172,#145,#184,.T.);
#186=ORIENTED_EDGE('',*,*,#185,.T.);
#187=EDGE_LOOP('',(#153,#162,#170,#179,#186));
#188=FACE_BOUND('',#187,.T.);
#189=CARTESIAN_POINT('',(-35.,95.,8.));
#190=VERTEX_POINT('',#189);
#191=CARTESIAN_POINT('',(-35.,95.,-8.));
#192=VERTEX_POINT('',#191);
#193=CARTESIAN_POINT('',(-35.,95.,8.));
#194=DIRECTION('',(0.,0.,-1.));
#195=VECTOR('',#194,16.);
#196=LINE('',#193,#195);
#197=EDGE_CURVE('',#190,#192,#196,.T.);
#198=ORIENTED_EDGE('',*,*,#197,.F.);
#199=CARTESIAN_POINT('',(-34.,95.,9.));
#200=VERTEX_POINT('',#199);
#201=CARTESIAN_POINT('',(-34.,95.,8.));
#202=DIRECTION('',(0.,1.,0.));
#203=DIRECTION('',(0.,-0.,1.));
#204=AXIS2_PLACEMENT_3D('',#201,#202,#203);
#205=CIRCLE('',#204,1.);
#206=EDGE_CURVE('',#190,#200,#205,.T.);
#207=ORIENTED_EDGE('',*,*,#206,.T.);
#208=CARTESIAN_POINT('',(-33.,95.,8.));
#209=VERTEX_POINT('',#208);
#210=CARTESIAN_POINT('',(-34.,95.,8.));
#211=DIRECTION('',(0.,1.,0.));
#212=DIRECTION('',(0.,-0.,1.));
#213=AXIS2_PLACEMENT_3D('',#210,#211,#212);
#214=CIRCLE('',#213,1.);
#215=EDGE_CURVE('',#200,#209,#214,.T.);
#216=ORIENTED_EDGE('',*,*,#215,.T.);
#217=CARTESIAN_POINT('',(-33.,95.,-8.));
#218=VERTEX_POINT('',#217);
#219=CARTESIAN_POINT('',(-33.,95.,-8.));
#220=DIRECTION('',(-0.,0.,1.));
#221=VECTOR('',#220,16.);
#222=LINE('',#219,#221);
#223=EDGE_CURVE('',#218,#209,#222,.T.);
#224=ORIENTED_EDGE('',*,*,#223,.F.);
#225=CARTESIAN_POINT('',(-34.,95.,-8.));
#226=DIRECTION('',(0.,1.,0.));
#227=DIRECTION('',(0.,-0.,1.));
#228=AXIS2_PLACEMENT_3D('',#225,#226,#227);
#229=CIRCLE('',#228,1.);
#230=EDGE_CURVE('',#218,#192,#229,.T.);
#231=ORIENTED_EDGE('',*,*,#230,.T.);
#232=EDGE_LOOP('',(#198,#207,#216,#224,#231));
#233=FACE_BOUND('',#232,.T.);
#234=CARTESIAN_POINT('',(27.,95.,8.));
#235=VERTEX_POINT('',#234);
#236=CARTESIAN_POINT('',(27.,95.,-8.));
#237=VERTEX_POINT('',#236);
#238=CARTESIAN_POINT('',(27.,95.,8.));
#239=DIRECTION('',(0.,0.,-1.));
#240=VECTOR('',#239,16.);
#241=LINE('',#238,#240);
#242=EDGE_CURVE('',#235,#237,#241,.T.);
#243=ORIENTED_EDGE('',*,*,#242,.T.);
#244=CARTESIAN_POINT('',(25.,95.,-8.));
#245=VERTEX_POINT('',#244);
#246=CARTESIAN_POINT('',(26.,95.,-8.));
#247=DIRECTION('',(0.,1.,0.));
#248=DIRECTION('',(0.,-0.,1.));
#249=AXIS2_PLACEMENT_3D('',#246,#247,#248);
#250=CIRCLE('',#249,1.);
#251=EDGE_CURVE('',#237,#245,#250,.T.);
#252=ORIENTED_EDGE('',*,*,#251,.T.);
#253=CARTESIAN_POINT('',(25.,95.,8.));
#254=VERTEX_POINT('',#253);
#255=CARTESIAN_POINT('',(25.,95.,-8.));
#256=DIRECTION('',(0.,0.,1.));
#257=VECTOR('',#256,16.);
#258=LINE('',#255,#257);
#259=EDGE_CURVE('',#245,#254,#258,.T.);
#260=ORIENTED_EDGE('',*,*,#259,.T.);
#261=CARTESIAN_POINT('',(26.,95.,9.));
#262=VERTEX_POINT('',#261);
#263=CARTESIAN_POINT('',(26.,95.,8.));
#264=DIRECTION('',(0.,1.,0.));
#265=DIRECTION('',(0.,-0.,1.));
#266=AXIS2_PLACEMENT_3D('',#263,#264,#265);
#267=CIRCLE('',#266,1.);
#268=EDGE_CURVE('',#254,#262,#267,.T.);
#269=ORIENTED_EDGE('',*,*,#268,.T.);
#270=CARTESIAN_POINT('',(26.,95.,8.));
#271=DIRECTION('',(0.,1.,0.));
#272=DIRECTION('',(0.,-0.,1.));
#273=AXIS2_PLACEMENT_3D('',#270,#271,#272);
#274=CIRCLE('',#273,1.);
#275=EDGE_CURVE('',#262,#235,#274,.T.);
#276=ORIENTED_EDGE('',*,*,#275,.T.);
#277=EDGE_LOOP('',(#243,#252,#260,#269,#276));
#278=FACE_BOUND('',#277,.T.);
#279=CARTESIAN_POINT('',(-31.,95.,8.));
#280=VERTEX_POINT('',#279);
#281=CARTESIAN_POINT('',(-31.,95.,-8.));
#282=VERTEX_POINT('',#281);
#283=CARTESIAN_POINT('',(-31.,95.,8.));
#284=DIRECTION('',(0.,0.,-1.));
#285=VECTOR('',#284,16.);
#286=LINE('',#283,#285);
#287=EDGE_CURVE('',#280,#282,#286,.T.);
#288=ORIENTED_EDGE('',*,*,#287,.F.);
#289=CARTESIAN_POINT('',(-30.,95.,9.));
#290=VERTEX_POINT('',#289);
#291=CARTESIAN_POINT('',(-30.,95.,8.));
#292=DIRECTION('',(0.,1.,0.));
#293=DIRECTION('',(0.,-0.,1.));
#294=AXIS2_PLACEMENT_3D('',#291,#292,#293);
#295=CIRCLE('',#294,1.);
#296=EDGE_CURVE('',#280,#290,#295,.T.);
#297=ORIENTED_EDGE('',*,*,#296,.T.);
#298=CARTESIAN_POINT('',(-29.,95.,8.));
#299=VERTEX_POINT('',#298);
#300=CARTESIAN_POINT('',(-30.,95.,8.));
#301=DIRECTION('',(0.,1.,0.));
#302=DIRECTION('',(0.,-0.,1.));
#303=AXIS2_PLACEMENT_3D('',#300,#301,#302);
#304=CIRCLE('',#303,1.);
#305=EDGE_CURVE('',#290,#299,#304,.T.);
#306=ORIENTED_EDGE('',*,*,#305,.T.);
#307=CARTESIAN_POINT('',(-29.,95.,-8.));
#308=VERTEX_POINT('',#307);
#309=CARTESIAN_POINT('',(-29.,95.,-8.));
#310=DIRECTION('',(-0.,0.,1.));
#311=VECTOR('',#310,16.);
#312=LINE('',#309,#311);
#313=EDGE_CURVE('',#308,#299,#312,.T.);
#314=ORIENTED_EDGE('',*,*,#313,.F.);
#315=CARTESIAN_POINT('',(-30.,95.,-8.));
#316=DIRECTION('',(0.,1.,0.));
#317=DIRECTION('',(0.,-0.,1.));
#318=AXIS2_PLACEMENT_3D('',#315,#316,#317);
#319=CIRCLE('',#318,1.);
#320=EDGE_CURVE('',#308,#282,#319,.T.);
#321=ORIENTED_EDGE('',*,*,#320,.T.);
#322=EDGE_LOOP('',(#288,#297,#306,#314,#321));
#323=FACE_BOUND('',#322,.T.);
#324=CARTESIAN_POINT('',(-51.25,95.,11.299038106));
#325=VERTEX_POINT('',#324);
#326=CARTESIAN_POINT('',(-52.75,95.,11.299038106));
#327=VERTEX_POINT('',#326);
#328=CARTESIAN_POINT('',(-51.25,95.,11.299038106));
#329=DIRECTION('',(-1.,0.,-0.));
#330=VECTOR('',#329,1.5);
#331=LINE('',#328,#330);
#332=EDGE_CURVE('',#325,#327,#331,.T.);
#333=ORIENTED_EDGE('',*,*,#332,.F.);
#334=CARTESIAN_POINT('',(-50.5,95.,10.));
#335=VERTEX_POINT('',#334);
#336=CARTESIAN_POINT('',(-50.5,95.,10.));
#337=DIRECTION('',(-0.5,0.,0.866025404));
#338=VECTOR('',#337,1.5);
#339=LINE('',#336,#338);
#340=EDGE_CURVE('',#335,#325,#339,.T.);
#341=ORIENTED_EDGE('',*,*,#340,.F.);
#342=CARTESIAN_POINT('',(-51.25,95.,8.700961894));
#343=VERTEX_POINT('',#342);
#344=CARTESIAN_POINT('',(-51.25,95.,8.700961894));
#345=DIRECTION('',(0.5,0.,0.866025404));
#346=VECTOR('',#345,1.5);
#347=LINE('',#344,#346);
#348=EDGE_CURVE('',#343,#335,#347,.T.);
#349=ORIENTED_EDGE('',*,*,#348,.F.);
#350=CARTESIAN_POINT('',(-52.75,95.,8.700961894));
#351=VERTEX_POINT('',#350);
#352=CARTESIAN_POINT('',(-52.75,95.,8.700961894));
#353=DIRECTION('',(1.,0.,0.));
#354=VECTOR('',#353,1.5);
#355=LINE('',#352,#354);
#356=EDGE_CURVE('',#351,#343,#355,.T.);
#357=ORIENTED_EDGE('',*,*,#356,.F.);
#358=CARTESIAN_POINT('',(-53.5,95.,10.));
#359=VERTEX_POINT('',#358);
#360=CARTESIAN_POINT('',(-53.5,95.,10.));
#361=DIRECTION('',(0.5,0.,-0.866025404));
#362=VECTOR('',#361,1.5);
#363=LINE('',#360,#362);
#364=EDGE_CURVE('',#359,#351,#363,.T.);
#365=ORIENTED_EDGE('',*,*,#364,.F.);
#366=CARTESIAN_POINT('',(-52.75,95.,11.299038106));
#367=DIRECTION('',(-0.5,0.,-0.866025404));
#368=VECTOR('',#367,1.5);
#369=LINE('',#366,#368);
#370=EDGE_CURVE('',#327,#359,#369,.T.);
#371=ORIENTED_EDGE('',*,*,#370,.F.);
#372=EDGE_LOOP('',(#333,#341,#349,#357,#365,#371));
#373=FACE_BOUND('',#372,.T.);
#374=CARTESIAN_POINT('',(-58.,95.,10.));
#375=VERTEX_POINT('',#374);
#376=CARTESIAN_POINT('',(-52.,95.,16.));
#377=VERTEX_POINT('',#376);
#378=CARTESIAN_POINT('',(-52.,95.,10.));
#379=DIRECTION('',(0.,1.,0.));
#380=DIRECTION('',(0.,-0.,1.));
#381=AXIS2_PLACEMENT_3D('',#378,#379,#380);
#382=CIRCLE('',#381,6.);
#383=EDGE_CURVE('',#375,#377,#382,.T.);
#384=ORIENTED_EDGE('',*,*,#383,.F.);
#385=CARTESIAN_POINT('',(-58.,95.,-10.));
#386=VERTEX_POINT('',#385);
#387=CARTESIAN_POINT('',(-58.,95.,-10.));
#388=DIRECTION('',(0.,0.,1.));
#389=VECTOR('',#388,20.);
#390=LINE('',#387,#389);
#391=EDGE_CURVE('',#386,#375,#390,.T.);
#392=ORIENTED_EDGE('',*,*,#391,.F.);
#393=CARTESIAN_POINT('',(-52.,95.,-16.));
#394=VERTEX_POINT('',#393);
#395=CARTESIAN_POINT('',(-52.,95.,-10.));
#396=DIRECTION('',(0.,1.,0.));
#397=DIRECTION('',(0.,-0.,1.));
#398=AXIS2_PLACEMENT_3D('',#395,#396,#397);
#399=CIRCLE('',#398,6.);
#400=EDGE_CURVE('',#394,#386,#399,.T.);
#401=ORIENTED_EDGE('',*,*,#400,.F.);
#402=CARTESIAN_POINT('',(52.,95.,-16.));
#403=VERTEX_POINT('',#402);
#404=CARTESIAN_POINT('',(52.,95.,-16.));
#405=DIRECTION('',(-1.,0.,0.));
#406=VECTOR('',#405,104.);
#407=LINE('',#404,#406);
#408=EDGE_CURVE('',#403,#394,#407,.T.);
#409=ORIENTED_EDGE('',*,*,#408,.F.);
#410=CARTESIAN_POINT('',(58.,95.,-10.));
#411=VERTEX_POINT('',#410);
#412=CARTESIAN_POINT('',(52.,95.,-10.));
#413=DIRECTION('',(0.,1.,0.));
#414=DIRECTION('',(0.,-0.,1.));
#415=AXIS2_PLACEMENT_3D('',#412,#413,#414);
#416=CIRCLE('',#415,6.);
#417=EDGE_CURVE('',#411,#403,#416,.T.);
#418=ORIENTED_EDGE('',*,*,#417,.F.);
#419=CARTESIAN_POINT('',(58.,95.,10.));
#420=VERTEX_POINT('',#419);
#421=CARTESIAN_POINT('',(58.,95.,10.));
#422=DIRECTION('',(0.,0.,-1.));
#423=VECTOR('',#422,20.);
#424=LINE('',#421,#423);
#425=EDGE_CURVE('',#420,#411,#424,.T.);
#426=ORIENTED_EDGE('',*,*,#425,.F.);
#427=CARTESIAN_POINT('',(52.,95.,16.));
#428=VERTEX_POINT('',#427);
#429=CARTESIAN_POINT('',(52.,95.,10.));
#430=DIRECTION('',(0.,1.,0.));
#431=DIRECTION('',(0.,-0.,1.));
#432=AXIS2_PLACEMENT_3D('',#429,#430,#431);
#433=CIRCLE('',#432,6.);
#434=EDGE_CURVE('',#428,#420,#433,.T.);
#435=ORIENTED_EDGE('',*,*,#434,.F.);
#436=CARTESIAN_POINT('',(-52.,95.,16.));
#437=DIRECTION('',(1.,0.,-0.));
#438=VECTOR('',#437,104.);
#439=LINE('',#436,#438);
#440=EDGE_CURVE('',#377,#428,#439,.T.);
#441=ORIENTED_EDGE('',*,*,#440,.F.);
#442=EDGE_LOOP('',(#384,#392,#401,#409,#418,#426,#435,#441));
#443=FACE_BOUND('',#442,.T.);
#444=CARTESIAN_POINT('',(-52.75,95.,-8.700961894));
#445=VERTEX_POINT('',#444);
#446=CARTESIAN_POINT('',(-51.25,95.,-8.700961894));
#447=VERTEX_POINT('',#446);
#448=CARTESIAN_POINT('',(-52.75,95.,-8.700961894));
#449=DIRECTION('',(1.,0.,-0.));
#450=VECTOR('',#449,1.5);
#451=LINE('',#448,#450);
#452=EDGE_CURVE('',#445,#447,#451,.T.);
#453=ORIENTED_EDGE('',*,*,#452,.T.);
#454=CARTESIAN_POINT('',(-50.5,95.,-10.));
#455=VERTEX_POINT('',#454);
#456=CARTESIAN_POINT('',(-51.25,95.,-8.700961894));
#457=DIRECTION('',(0.5,0.,-0.866025404));
#458=VECTOR('',#457,1.5);
#459=LINE('',#456,#458);
#460=EDGE_CURVE('',#447,#455,#459,.T.);
#461=ORIENTED_EDGE('',*,*,#460,.T.);
#462=CARTESIAN_POINT('',(-51.25,95.,-11.299038106));
#463=VERTEX_POINT('',#462);
#464=CARTESIAN_POINT('',(-50.5,95.,-10.));
#465=DIRECTION('',(-0.5,0.,-0.866025404));
#466=VECTOR('',#465,1.5);
#467=LINE('',#464,#466);
#468=EDGE_CURVE('',#455,#463,#467,.T.);
#469=ORIENTED_EDGE('',*,*,#468,.T.);
#470=CARTESIAN_POINT('',(-52.75,95.,-11.299038106));
#471=VERTEX_POINT('',#470);
#472=CARTESIAN_POINT('',(-51.25,95.,-11.299038106));
#473=DIRECTION('',(-1.,0.,0.));
#474=VECTOR('',#473,1.5);
#475=LINE('',#472,#474);
#476=EDGE_CURVE('',#463,#471,#475,.T.);
#477=ORIENTED_EDGE('',*,*,#476,.T.);
#478=CARTESIAN_POINT('',(-53.5,95.,-10.));
#479=VERTEX_POINT('',#478);
#480=CARTESIAN_POINT('',(-52.75,95.,-11.299038106));
#481=DIRECTION('',(-0.5,0.,0.866025404));
#482=VECTOR('',#481,1.5);
#483=LINE('',#480,#482);
#484=EDGE_CURVE('',#471,#479,#483,.T.);
#485=ORIENTED_EDGE('',*,*,#484,.T.);
#486=CARTESIAN_POINT('',(-53.5,95.,-10.));
#487=DIRECTION('',(0.5,0.,0.866025404));
#488=VECTOR('',#487,1.5);
#489=LINE('',#486,#488);
#490=EDGE_CURVE('',#479,#445,#489,.T.);
#491=ORIENTED_EDGE('',*,*,#490,.T.);
#492=EDGE_LOOP('',(#453,#461,#469,#477,#485,#491));
#493=FACE_BOUND('',#492,.T.);
#494=CARTESIAN_POINT('',(52.75,95.,-8.700961894));
#495=VERTEX_POINT('',#494);
#496=CARTESIAN_POINT('',(51.25,95.,-8.700961894));
#497=VERTEX_POINT('',#496);
#498=CARTESIAN_POINT('',(52.75,95.,-8.700961894));
#499=DIRECTION('',(-1.,0.,-0.));
#500=VECTOR('',#499,1.5);
#501=LINE('',#498,#500);
#502=EDGE_CURVE('',#495,#497,#501,.T.);
#503=ORIENTED_EDGE('',*,*,#502,.F.);
#504=CARTESIAN_POINT('',(53.5,95.,-10.));
#505=VERTEX_POINT('',#504);
#506=CARTESIAN_POINT('',(53.5,95.,-10.));
#507=DIRECTION('',(-0.5,0.,0.866025404));
#508=VECTOR('',#507,1.5);
#509=LINE('',#506,#508);
#510=EDGE_CURVE('',#505,#495,#509,.T.);
#511=ORIENTED_EDGE('',*,*,#510,.F.);
#512=CARTESIAN_POINT('',(52.75,95.,-11.299038106));
#513=VERTEX_POINT('',#512);
#514=CARTESIAN_POINT('',(52.75,95.,-11.299038106));
#515=DIRECTION('',(0.5,0.,0.866025404));
#516=VECTOR('',#515,1.5);
#517=LINE('',#514,#516);
#518=EDGE_CURVE('',#513,#505,#517,.T.);
#519=ORIENTED_EDGE('',*,*,#518,.F.);
#520=CARTESIAN_POINT('',(51.25,95.,-11.299038106));
#521=VERTEX_POINT('',#520);
#522=CARTESIAN_POINT('',(51.25,95.,-11.299038106));
#523=DIRECTION('',(1.,0.,0.));
#524=VECTOR('',#523,1.5);
#525=LINE('',#522,#524);
#526=EDGE_CURVE('',#521,#513,#525,.T.);
#527=ORIENTED_EDGE('',*,*,#526,.F.);
#528=CARTESIAN_POINT('',(50.5,95.,-10.));
#529=VERTEX_POINT('',#528);
#530=CARTESIAN_POINT('',(50.5,95.,-10.));
#531=DIRECTION('',(0.5,0.,-0.866025404));
#532=VECTOR('',#531,1.5);
#533=LINE('',#530,#532);
#534=EDGE_CURVE('',#529,#521,#533,.T.);
#535=ORIENTED_EDGE('',*,*,#534,.F.);
#536=CARTESIAN_POINT('',(51.25,95.,-8.700961894));
#537=DIRECTION('',(-0.5,0.,-0.866025404));
#538=VECTOR('',#537,1.5);
#539=LINE('',#536,#538);
#540=EDGE_CURVE('',#497,#529,#539,.T.);
#541=ORIENTED_EDGE('',*,*,#540,.F.);
#542=EDGE_LOOP('',(#503,#511,#519,#527,#535,#541));
#543=FACE_BOUND('',#542,.T.);
#544=CARTESIAN_POINT('',(51.25,95.,11.299038106));
#545=VERTEX_POINT('',#544);
#546=CARTESIAN_POINT('',(52.75,95.,11.299038106));
#547=VERTEX_POINT('',#546);
#548=CARTESIAN_POINT('',(51.25,95.,11.299038106));
#549=DIRECTION('',(1.,0.,-0.));
#550=VECTOR('',#549,1.5);
#551=LINE('',#548,#550);
#552=EDGE_CURVE('',#545,#547,#551,.T.);
#553=ORIENTED_EDGE('',*,*,#552,.T.);
#554=CARTESIAN_POINT('',(53.5,95.,10.));
#555=VERTEX_POINT('',#554);
#556=CARTESIAN_POINT('',(52.75,95.,11.299038106));
#557=DIRECTION('',(0.5,0.,-0.866025404));
#558=VECTOR('',#557,1.5);
#559=LINE('',#556,#558);
#560=EDGE_CURVE('',#547,#555,#559,.T.);
#561=ORIENTED_EDGE('',*,*,#560,.T.);
#562=CARTESIAN_POINT('',(52.75,95.,8.700961894));
#563=VERTEX_POINT('',#562);
#564=CARTESIAN_POINT('',(53.5,95.,10.));
#565=DIRECTION('',(-0.5,0.,-0.866025404));
#566=VECTOR('',#565,1.5);
#567=LINE('',#564,#566);
#568=EDGE_CURVE('',#555,#563,#567,.T.);
#569=ORIENTED_EDGE('',*,*,#568,.T.);
#570=CARTESIAN_POINT('',(51.25,95.,8.700961894));
#571=VERTEX_POINT('',#570);
#572=CARTESIAN_POINT('',(52.75,95.,8.700961894));
#573=DIRECTION('',(-1.,0.,0.));
#574=VECTOR('',#573,1.5);
#575=LINE('',#572,#574);
#576=EDGE_CURVE('',#563,#571,#575,.T.);
#577=ORIENTED_EDGE('',*,*,#576,.T.);
#578=CARTESIAN_POINT('',(50.5,95.,10.));
#579=VERTEX_POINT('',#578);
#580=CARTESIAN_POINT('',(51.25,95.,8.700961894));
#581=DIRECTION('',(-0.5,0.,0.866025404));
#582=VECTOR('',#581,1.5);
#583=LINE('',#580,#582);
#584=EDGE_CURVE('',#571,#579,#583,.T.);
#585=ORIENTED_EDGE('',*,*,#584,.T.);
#586=CARTESIAN_POINT('',(50.5,95.,10.));
#587=DIRECTION('',(0.5,0.,0.866025404));
#588=VECTOR('',#587,1.5);
#589=LINE('',#586,#588);
#590=EDGE_CURVE('',#579,#545,#589,.T.);
#591=ORIENTED_EDGE('',*,*,#590,.T.);
#592=EDGE_LOOP('',(#553,#561,#569,#577,#585,#591));
#593=FACE_BOUND('',#592,.T.);
#594=CARTESIAN_POINT('',(3.7,95.,-4.));
#595=VERTEX_POINT('',#594);
#596=CARTESIAN_POINT('',(3.1,95.,-4.6));
#597=VERTEX_POINT('',#596);
#598=CARTESIAN_POINT('',(3.05,95.,-3.95));
#599=DIRECTION('',(0.,1.,0.));
#600=DIRECTION('',(0.,-0.,1.));
#601=AXIS2_PLACEMENT_3D('',#598,#599,#600);
#602=CIRCLE('',#601,0.651920241);
#603=EDGE_CURVE('',#595,#597,#602,.T.);
#604=ORIENTED_EDGE('',*,*,#603,.T.);
#605=CARTESIAN_POINT('',(-1.1,95.,-4.6));
#606=VERTEX_POINT('',#605);
#607=CARTESIAN_POINT('',(3.1,95.,-4.6));
#608=DIRECTION('',(-1.,0.,0.));
#609=VECTOR('',#608,4.2);
#610=LINE('',#607,#609);
#611=EDGE_CURVE('',#597,#606,#610,.T.);
#612=ORIENTED_EDGE('',*,*,#611,.T.);
#613=CARTESIAN_POINT('',(-1.7,95.,-4.));
#614=VERTEX_POINT('',#613);
#615=CARTESIAN_POINT('',(-1.05,95.,-3.95));
#616=DIRECTION('',(0.,1.,0.));
#617=DIRECTION('',(0.,-0.,1.));
#618=AXIS2_PLACEMENT_3D('',#615,#616,#617);
#619=CIRCLE('',#618,0.651920241);
#620=EDGE_CURVE('',#606,#614,#619,.T.);
#621=ORIENTED_EDGE('',*,*,#620,.T.);
#622=CARTESIAN_POINT('',(-1.7,95.,4.));
#623=VERTEX_POINT('',#622);
#624=CARTESIAN_POINT('',(-1.7,95.,-4.));
#625=DIRECTION('',(0.,0.,1.));
#626=VECTOR('',#625,8.);
#627=LINE('',#624,#626);
#628=EDGE_CURVE('',#614,#623,#627,.T.);
#629=ORIENTED_EDGE('',*,*,#628,.T.);
#630=CARTESIAN_POINT('',(-1.1,95.,4.6));
#631=VERTEX_POINT('',#630);
#632=CARTESIAN_POINT('',(-1.05,95.,3.95));
#633=DIRECTION('',(0.,1.,0.));
#634=DIRECTION('',(0.,-0.,1.));
#635=AXIS2_PLACEMENT_3D('',#632,#633,#634);
#636=CIRCLE('',#635,0.651920241);
#637=EDGE_CURVE('',#623,#631,#636,.T.);
#638=ORIENTED_EDGE('',*,*,#637,.T.);
#639=CARTESIAN_POINT('',(3.1,95.,4.6));
#640=VERTEX_POINT('',#639);
#641=CARTESIAN_POINT('',(-1.1,95.,4.6));
#642=DIRECTION('',(1.,0.,-0.));
#643=VECTOR('',#642,4.2);
#644=LINE('',#641,#643);
#645=EDGE_CURVE('',#631,#640,#644,.T.);
#646=ORIENTED_EDGE('',*,*,#645,.T.);
#647=CARTESIAN_POINT('',(3.7,95.,4.));
#648=VERTEX_POINT('',#647);
#649=CARTESIAN_POINT('',(3.05,95.,3.95));
#650=DIRECTION('',(0.,1.,0.));
#651=DIRECTION('',(0.,-0.,1.));
#652=AXIS2_PLACEMENT_3D('',#649,#650,#651);
#653=CIRCLE('',#652,0.651920241);
#654=EDGE_CURVE('',#640,#648,#653,.T.);
#655=ORIENTED_EDGE('',*,*,#654,.T.);
#656=CARTESIAN_POINT('',(3.7,95.,4.));
#657=DIRECTION('',(0.,0.,-1.));
#658=VECTOR('',#657,8.);
#659=LINE('',#656,#658);
#660=EDGE_CURVE('',#648,#595,#659,.T.);
#661=ORIENTED_EDGE('',*,*,#660,.T.);
#662=EDGE_LOOP('',(#604,#612,#621,#629,#638,#646,#655,#661));
#663=FACE_BOUND('',#662,.T.);
#664=CARTESIAN_POINT('',(-23.,95.,8.));
#665=VERTEX_POINT('',#664);
#666=CARTESIAN_POINT('',(-23.,95.,-8.));
#667=VERTEX_POINT('',#666);
#668=CARTESIAN_POINT('',(-23.,95.,8.));
#669=DIRECTION('',(0.,0.,-1.));
#670=VECTOR('',#669,16.);
#671=LINE('',#668,#670);
#672=EDGE_CURVE('',#665,#667,#671,.T.);
#673=ORIENTED_EDGE('',*,*,#672,.F.);
#674=CARTESIAN_POINT('',(-22.,95.,9.));
#675=VERTEX_POINT('',#674);
#676=CARTESIAN_POINT('',(-22.,95.,8.));
#677=DIRECTION('',(0.,1.,0.));
#678=DIRECTION('',(0.,-0.,1.));
#679=AXIS2_PLACEMENT_3D('',#676,#677,#678);
#680=CIRCLE('',#679,1.);
#681=EDGE_CURVE('',#665,#675,#680,.T.);
#682=ORIENTED_EDGE('',*,*,#681,.T.);
#683=CARTESIAN_POINT('',(-21.,95.,8.));
#684=VERTEX_POINT('',#683);
#685=CARTESIAN_POINT('',(-22.,95.,8.));
#686=DIRECTION('',(0.,1.,0.));
#687=DIRECTION('',(0.,-0.,1.));
#688=AXIS2_PLACEMENT_3D('',#685,#686,#687);
#689=CIRCLE('',#688,1.);
#690=EDGE_CURVE('',#675,#684,#689,.T.);
#691=ORIENTED_EDGE('',*,*,#690,.T.);
#692=CARTESIAN_POINT('',(-21.,95.,-8.));
#693=VERTEX_POINT('',#692);
#694=CARTESIAN_POINT('',(-21.,95.,-8.));
#695=DIRECTION('',(-0.,0.,1.));
#696=VECTOR('',#695,16.);
#697=LINE('',#694,#696);
#698=EDGE_CURVE('',#693,#684,#697,.T.);
#699=ORIENTED_EDGE('',*,*,#698,.F.);
#700=CARTESIAN_POINT('',(-22.,95.,-8.));
#701=DIRECTION('',(0.,1.,0.));
#702=DIRECTION('',(0.,-0.,1.));
#703=AXIS2_PLACEMENT_3D('',#700,#701,#702);
#704=CIRCLE('',#703,1.);
#705=EDGE_CURVE('',#693,#667,#704,.T.);
#706=ORIENTED_EDGE('',*,*,#705,.T.);
#707=EDGE_LOOP('',(#673,#682,#691,#699,#706));
#708=FACE_BOUND('',#707,.T.);
#709=CARTESIAN_POINT('',(-27.,95.,8.));
#710=VERTEX_POINT('',#709);
#711=CARTESIAN_POINT('',(-27.,95.,-8.));
#712=VERTEX_POINT('',#711);
#713=CARTESIAN_POINT('',(-27.,95.,8.));
#714=DIRECTION('',(0.,0.,-1.));
#715=VECTOR('',#714,16.);
#716=LINE('',#713,#715);
#717=EDGE_CURVE('',#710,#712,#716,.T.);
#718=ORIENTED_EDGE('',*,*,#717,.F.);
#719=CARTESIAN_POINT('',(-26.,95.,9.));
#720=VERTEX_POINT('',#719);
#721=CARTESIAN_POINT('',(-26.,95.,8.));
#722=DIRECTION('',(0.,1.,0.));
#723=DIRECTION('',(0.,-0.,1.));
#724=AXIS2_PLACEMENT_3D('',#721,#722,#723);
#725=CIRCLE('',#724,1.);
#726=EDGE_CURVE('',#710,#720,#725,.T.);
#727=ORIENTED_EDGE('',*,*,#726,.T.);
#728=CARTESIAN_POINT('',(-25.,95.,8.));
#729=VERTEX_POINT('',#728);
#730=CARTESIAN_POINT('',(-26.,95.,8.));
#731=DIRECTION('',(0.,1.,0.));
#732=DIRECTION('',(0.,-0.,1.));
#733=AXIS2_PLACEMENT_3D('',#730,#731,#732);
#734=CIRCLE('',#733,1.);
#735=EDGE_CURVE('',#720,#729,#734,.T.);
#736=ORIENTED_EDGE('',*,*,#735,.T.);
#737=CARTESIAN_POINT('',(-25.,95.,-8.));
#738=VERTEX_POINT('',#737);
#739=CARTESIAN_POINT('',(-25.,95.,-8.));
#740=DIRECTION('',(-0.,0.,1.));
#741=VECTOR('',#740,16.);
#742=LINE('',#739,#741);
#743=EDGE_CURVE('',#738,#729,#742,.T.);
#744=ORIENTED_EDGE('',*,*,#743,.F.);
#745=CARTESIAN_POINT('',(-26.,95.,-8.));
#746=DIRECTION('',(0.,1.,0.));
#747=DIRECTION('',(0.,-0.,1.));
#748=AXIS2_PLACEMENT_3D('',#745,#746,#747);
#749=CIRCLE('',#748,1.);
#750=EDGE_CURVE('',#738,#712,#749,.T.);
#751=ORIENTED_EDGE('',*,*,#750,.T.);
#752=EDGE_LOOP('',(#718,#727,#736,#744,#751));
#753=FACE_BOUND('',#752,.T.);
#754=CARTESIAN_POINT('',(31.,95.,8.));
#755=VERTEX_POINT('',#754);
#756=CARTESIAN_POINT('',(31.,95.,-8.));
#757=VERTEX_POINT('',#756);
#758=CARTESIAN_POINT('',(31.,95.,8.));
#759=DIRECTION('',(0.,0.,-1.));
#760=VECTOR('',#759,16.);
#761=LINE('',#758,#760);
#762=EDGE_CURVE('',#755,#757,#761,.T.);
#763=ORIENTED_EDGE('',*,*,#762,.T.);
#764=CARTESIAN_POINT('',(29.,95.,-8.));
#765=VERTEX_POINT('',#764);
#766=CARTESIAN_POINT('',(30.,95.,-8.));
#767=DIRECTION('',(0.,1.,0.));
#768=DIRECTION('',(0.,-0.,1.));
#769=AXIS2_PLACEMENT_3D('',#766,#767,#768);
#770=CIRCLE('',#769,1.);
#771=EDGE_CURVE('',#757,#765,#770,.T.);
#772=ORIENTED_EDGE('',*,*,#771,.T.);
#773=CARTESIAN_POINT('',(29.,95.,8.));
#774=VERTEX_POINT('',#773);
#775=CARTESIAN_POINT('',(29.,95.,-8.));
#776=DIRECTION('',(0.,0.,1.));
#777=VECTOR('',#776,16.);
#778=LINE('',#775,#777);
#779=EDGE_CURVE('',#765,#774,#778,.T.);
#780=ORIENTED_EDGE('',*,*,#779,.T.);
#781=CARTESIAN_POINT('',(30.,95.,9.));
#782=VERTEX_POINT('',#781);
#783=CARTESIAN_POINT('',(30.,95.,8.));
#784=DIRECTION('',(0.,1.,0.));
#785=DIRECTION('',(0.,-0.,1.));
#786=AXIS2_PLACEMENT_3D('',#783,#784,#785);
#787=CIRCLE('',#786,1.);
#788=EDGE_CURVE('',#774,#782,#787,.T.);
#789=ORIENTED_EDGE('',*,*,#788,.T.);
#790=CARTESIAN_POINT('',(30.,95.,8.));
#791=DIRECTION('',(0.,1.,0.));
#792=DIRECTION('',(0.,-0.,1.));
#793=AXIS2_PLACEMENT_3D('',#790,#791,#792);
#794=CIRCLE('',#793,1.);
#795=EDGE_CURVE('',#782,#755,#794,.T.);
#796=ORIENTED_EDGE('',*,*,#795,.T.);
#797=EDGE_LOOP('',(#763,#772,#780,#789,#796));
#798=FACE_BOUND('',#797,.T.);
#799=CARTESIAN_POINT('',(-39.,95.,8.));
#800=VERTEX_POINT('',#799);
#801=CARTESIAN_POINT('',(-39.,95.,-8.));
#802=VERTEX_POINT('',#801);
#803=CARTESIAN_POINT('',(-39.,95.,8.));
#804=DIRECTION('',(0.,0.,-1.));
#805=VECTOR('',#804,16.);
#806=LINE('',#803,#805);
#807=EDGE_CURVE('',#800,#802,#806,.T.);
#808=ORIENTED_EDGE('',*,*,#807,.F.);
#809=CARTESIAN_POINT('',(-38.,95.,9.));
#810=VERTEX_POINT('',#809);
#811=CARTESIAN_POINT('',(-38.,95.,8.));
#812=DIRECTION('',(0.,1.,0.));
#813=DIRECTION('',(0.,-0.,1.));
#814=AXIS2_PLACEMENT_3D('',#811,#812,#813);
#815=CIRCLE('',#814,1.);
#816=EDGE_CURVE('',#800,#810,#815,.T.);
#817=ORIENTED_EDGE('',*,*,#816,.T.);
#818=CARTESIAN_POINT('',(-37.,95.,8.));
#819=VERTEX_POINT('',#818);
#820=CARTESIAN_POINT('',(-38.,95.,8.));
#821=DIRECTION('',(0.,1.,0.));
#822=DIRECTION('',(0.,-0.,1.));
#823=AXIS2_PLACEMENT_3D('',#820,#821,#822);
#824=CIRCLE('',#823,1.);
#825=EDGE_CURVE('',#810,#819,#824,.T.);
#826=ORIENTED_EDGE('',*,*,#825,.T.);
#827=CARTESIAN_POINT('',(-37.,95.,-8.));
#828=VERTEX_POINT('',#827);
#829=CARTESIAN_POINT('',(-37.,95.,-8.));
#830=DIRECTION('',(-0.,0.,1.));
#831=VECTOR('',#830,16.);
#832=LINE('',#829,#831);
#833=EDGE_CURVE('',#828,#819,#832,.T.);
#834=ORIENTED_EDGE('',*,*,#833,.F.);
#835=CARTESIAN_POINT('',(-38.,95.,-8.));
#836=DIRECTION('',(0.,1.,0.));
#837=DIRECTION('',(0.,-0.,1.));
#838=AXIS2_PLACEMENT_3D('',#835,#836,#837);
#839=CIRCLE('',#838,1.);
#840=EDGE_CURVE('',#828,#802,#839,.T.);
#841=ORIENTED_EDGE('',*,*,#840,.T.);
#842=EDGE_LOOP('',(#808,#817,#826,#834,#841));
#843=FACE_BOUND('',#842,.T.);
#844=ADVANCED_FACE('',(#42,#53,#98,#143,#188,#233,#278,#323,#373,#443,#493,#543,#593,#663,#708,#753,#798,#843),#31,.F.);
#845=CARTESIAN_POINT('',(0.,97.,0.));
#846=DIRECTION('',(0.,1.,0.));
#847=DIRECTION('',(0.,0.,1.));
#848=AXIS2_PLACEMENT_3D('',#845,#846,#847);
#849=PLANE('',#848);
#850=CARTESIAN_POINT('',(-0.5,97.,13.151));
#851=VERTEX_POINT('',#850);
#852=CARTESIAN_POINT('',(-0.5,97.,11.5));
#853=DIRECTION('',(0.,1.,0.));
#854=DIRECTION('',(0.,-0.,1.));
#855=AXIS2_PLACEMENT_3D('',#852,#853,#854);
#856=CIRCLE('',#855,1.651);
#857=EDGE_CURVE('',#851,#851,#856,.T.);
#858=ORIENTED_EDGE('',*,*,#857,.F.);
#859=EDGE_LOOP('',(#858));
#860=FACE_BOUND('',#859,.T.);
#861=CARTESIAN_POINT('',(-0.5,97.,-9.849));
#862=VERTEX_POINT('',#861);
#863=CARTESIAN_POINT('',(-0.5,97.,-11.5));
#864=DIRECTION('',(0.,1.,0.));
#865=DIRECTION('',(0.,-0.,1.));
#866=AXIS2_PLACEMENT_3D('',#863,#864,#865);
#867=CIRCLE('',#866,1.651);
#868=EDGE_CURVE('',#862,#862,#867,.T.);
#869=ORIENTED_EDGE('',*,*,#868,.F.);
#870=EDGE_LOOP('',(#869));
#871=FACE_BOUND('',#870,.T.);
#872=CARTESIAN_POINT('',(39.,97.,-8.));
#873=VERTEX_POINT('',#872);
#874=CARTESIAN_POINT('',(37.,97.,-8.));
#875=VERTEX_POINT('',#874);
#876=CARTESIAN_POINT('',(38.,97.,-8.));
#877=DIRECTION('',(0.,1.,0.));
#878=DIRECTION('',(0.,-0.,1.));
#879=AXIS2_PLACEMENT_3D('',#876,#877,#878);
#880=CIRCLE('',#879,1.);
#881=EDGE_CURVE('',#873,#875,#880,.T.);
#882=ORIENTED_EDGE('',*,*,#881,.F.);
#883=CARTESIAN_POINT('',(39.,97.,8.));
#884=VERTEX_POINT('',#883);
#885=CARTESIAN_POINT('',(39.,97.,8.));
#886=DIRECTION('',(0.,0.,-1.));
#887=VECTOR('',#886,16.);
#888=LINE('',#885,#887);
#889=EDGE_CURVE('',#884,#873,#888,.T.);
#890=ORIENTED_EDGE('',*,*,#889,.F.);
#891=CARTESIAN_POINT('',(38.,97.,9.));
#892=VERTEX_POINT('',#891);
#893=CARTESIAN_POINT('',(38.,97.,8.));
#894=DIRECTION('',(0.,1.,0.));
#895=DIRECTION('',(0.,-0.,1.));
#896=AXIS2_PLACEMENT_3D('',#893,#894,#895);
#897=CIRCLE('',#896,1.);
#898=EDGE_CURVE('',#892,#884,#897,.T.);
#899=ORIENTED_EDGE('',*,*,#898,.F.);
#900=CARTESIAN_POINT('',(37.,97.,8.));
#901=VERTEX_POINT('',#900);
#902=CARTESIAN_POINT('',(38.,97.,8.));
#903=DIRECTION('',(0.,1.,0.));
#904=DIRECTION('',(0.,-0.,1.));
#905=AXIS2_PLACEMENT_3D('',#902,#903,#904);
#906=CIRCLE('',#905,1.);
#907=EDGE_CURVE('',#901,#892,#906,.T.);
#908=ORIENTED_EDGE('',*,*,#907,.F.);
#909=CARTESIAN_POINT('',(37.,97.,-8.));
#910=DIRECTION('',(0.,0.,1.));
#911=VECTOR('',#910,16.);
#912=LINE('',#909,#911);
#913=EDGE_CURVE('',#875,#901,#912,.T.);
#914=ORIENTED_EDGE('',*,*,#913,.F.);
#915=EDGE_LOOP('',(#882,#890,#899,#908,#914));
#916=FACE_BOUND('',#915,.T.);
#917=CARTESIAN_POINT('',(35.,97.,-8.));
#918=VERTEX_POINT('',#917);
#919=CARTESIAN_POINT('',(33.,97.,-8.));
#920=VERTEX_POINT('',#919);
#921=CARTESIAN_POINT('',(34.,97.,-8.));
#922=DIRECTION('',(0.,1.,0.));
#923=DIRECTION('',(0.,-0.,1.));
#924=AXIS2_PLACEMENT_3D('',#921,#922,#923);
#925=CIRCLE('',#924,1.);
#926=EDGE_CURVE('',#918,#920,#925,.T.);
#927=ORIENTED_EDGE('',*,*,#926,.F.);
#928=CARTESIAN_POINT('',(35.,97.,8.));
#929=VERTEX_POINT('',#928);
#930=CARTESIAN_POINT('',(35.,97.,8.));
#931=DIRECTION('',(0.,0.,-1.));
#932=VECTOR('',#931,16.);
#933=LINE('',#930,#932);
#934=EDGE_CURVE('',#929,#918,#933,.T.);
#935=ORIENTED_EDGE('',*,*,#934,.F.);
#936=CARTESIAN_POINT('',(34.,97.,9.));
#937=VERTEX_POINT('',#936);
#938=CARTESIAN_POINT('',(34.,97.,8.));
#939=DIRECTION('',(0.,1.,0.));
#940=DIRECTION('',(0.,-0.,1.));
#941=AXIS2_PLACEMENT_3D('',#938,#939,#940);
#942=CIRCLE('',#941,1.);
#943=EDGE_CURVE('',#937,#929,#942,.T.);
#944=ORIENTED_EDGE('',*,*,#943,.F.);
#945=CARTESIAN_POINT('',(33.,97.,8.));
#946=VERTEX_POINT('',#945);
#947=CARTESIAN_POINT('',(34.,97.,8.));
#948=DIRECTION('',(0.,1.,0.));
#949=DIRECTION('',(0.,-0.,1.));
#950=AXIS2_PLACEMENT_3D('',#947,#948,#949);
#951=CIRCLE('',#950,1.);
#952=EDGE_CURVE('',#946,#937,#951,.T.);
#953=ORIENTED_EDGE('',*,*,#952,.F.);
#954=CARTESIAN_POINT('',(33.,97.,-8.));
#955=DIRECTION('',(0.,0.,1.));
#956=VECTOR('',#955,16.);
#957=LINE('',#954,#956);
#958=EDGE_CURVE('',#920,#946,#957,.T.);
#959=ORIENTED_EDGE('',*,*,#958,.F.);
#960=EDGE_LOOP('',(#927,#935,#944,#953,#959));
#961=FACE_BOUND('',#960,.T.);
#962=CARTESIAN_POINT('',(23.,97.,-8.));
#963=VERTEX_POINT('',#962);
#964=CARTESIAN_POINT('',(21.,97.,-8.));
#965=VERTEX_POINT('',#964);
#966=CARTESIAN_POINT('',(22.,97.,-8.));
#967=DIRECTION('',(0.,1.,0.));
#968=DIRECTION('',(0.,-0.,1.));
#969=AXIS2_PLACEMENT_3D('',#966,#967,#968);
#970=CIRCLE('',#969,1.);
#971=EDGE_CURVE('',#963,#965,#970,.T.);
#972=ORIENTED_EDGE('',*,*,#971,.F.);
#973=CARTESIAN_POINT('',(23.,97.,8.));
#974=VERTEX_POINT('',#973);
#975=CARTESIAN_POINT('',(23.,97.,8.));
#976=DIRECTION('',(0.,0.,-1.));
#977=VECTOR('',#976,16.);
#978=LINE('',#975,#977);
#979=EDGE_CURVE('',#974,#963,#978,.T.);
#980=ORIENTED_EDGE('',*,*,#979,.F.);
#981=CARTESIAN_POINT('',(22.,97.,9.));
#982=VERTEX_POINT('',#981);
#983=CARTESIAN_POINT('',(22.,97.,8.));
#984=DIRECTION('',(0.,1.,0.));
#985=DIRECTION('',(0.,-0.,1.));
#986=AXIS2_PLACEMENT_3D('',#983,#984,#985);
#987=CIRCLE('',#986,1.);
#988=EDGE_CURVE('',#982,#974,#987,.T.);
#989=ORIENTED_EDGE('',*,*,#988,.F.);
#990=CARTESIAN_POINT('',(21.,97.,8.));
#991=VERTEX_POINT('',#990);
#992=CARTESIAN_POINT('',(22.,97.,8.));
#993=DIRECTION('',(0.,1.,0.));
#994=DIRECTION('',(0.,-0.,1.));
#995=AXIS2_PLACEMENT_3D('',#992,#993,#994);
#996=CIRCLE('',#995,1.);
#997=EDGE_CURVE('',#991,#982,#996,.T.);
#998=ORIENTED_EDGE('',*,*,#997,.F.);
#999=CARTESIAN_POINT('',(21.,97.,-8.));
#1000=DIRECTION('',(0.,0.,1.));
#1001=VECTOR('',#1000,16.);
#1002=LINE('',#999,#1001);
#1003=EDGE_CURVE('',#965,#991,#1002,.T.);
#1004=ORIENTED_EDGE('',*,*,#1003,.F.);
#1005=EDGE_LOOP('',(#972,#980,#989,#998,#1004));
#1006=FACE_BOUND('',#1005,.T.);
#1007=CARTESIAN_POINT('',(31.,97.,-8.));
#1008=VERTEX_POINT('',#1007);
#1009=CARTESIAN_POINT('',(29.,97.,-8.));
#1010=VERTEX_POINT('',#1009);
#1011=CARTESIAN_POINT('',(30.,97.,-8.));
#1012=DIRECTION('',(0.,1.,0.));
#1013=DIRECTION('',(0.,-0.,1.));
#1014=AXIS2_PLACEMENT_3D('',#1011,#1012,#1013);
#1015=CIRCLE('',#1014,1.);
#1016=EDGE_CURVE('',#1008,#1010,#1015,.T.);
#1017=ORIENTED_EDGE('',*,*,#1016,.F.);
#1018=CARTESIAN_POINT('',(31.,97.,8.));
#1019=VERTEX_POINT('',#1018);
#1020=CARTESIAN_POINT('',(31.,97.,8.));
#1021=DIRECTION('',(0.,0.,-1.));
#1022=VECTOR('',#1021,16.);
#1023=LINE('',#1020,#1022);
#1024=EDGE_CURVE('',#1019,#1008,#1023,.T.);
#1025=ORIENTED_EDGE('',*,*,#1024,.F.);
#1026=CARTESIAN_POINT('',(30.,97.,9.));
#1027=VERTEX_POINT('',#1026);
#1028=CARTESIAN_POINT('',(30.,97.,8.));
#1029=DIRECTION('',(0.,1.,0.));
#1030=DIRECTION('',(0.,-0.,1.));
#1031=AXIS2_PLACEMENT_3D('',#1028,#1029,#1030);
#1032=CIRCLE('',#1031,1.);
#1033=EDGE_CURVE('',#1027,#1019,#1032,.T.);
#1034=ORIENTED_EDGE('',*,*,#1033,.F.);
#1035=CARTESIAN_POINT('',(29.,97.,8.));
#1036=VERTEX_POINT('',#1035);
#1037=CARTESIAN_POINT('',(30.,97.,8.));
#1038=DIRECTION('',(0.,1.,0.));
#1039=DIRECTION('',(0.,-0.,1.));
#1040=AXIS2_PLACEMENT_3D('',#1037,#1038,#1039);
#1041=CIRCLE('',#1040,1.);
#1042=EDGE_CURVE('',#1036,#1027,#1041,.T.);
#1043=ORIENTED_EDGE('',*,*,#1042,.F.);
#1044=CARTESIAN_POINT('',(29.,97.,-8.));
#1045=DIRECTION('',(0.,0.,1.));
#1046=VECTOR('',#1045,16.);
#1047=LINE('',#1044,#1046);
#1048=EDGE_CURVE('',#1010,#1036,#1047,.T.);
#1049=ORIENTED_EDGE('',*,*,#1048,.F.);
#1050=EDGE_LOOP('',(#1017,#1025,#1034,#1043,#1049));
#1051=FACE_BOUND('',#1050,.T.);
#1052=CARTESIAN_POINT('',(27.,97.,-8.));
#1053=VERTEX_POINT('',#1052);
#1054=CARTESIAN_POINT('',(25.,97.,-8.));
#1055=VERTEX_POINT('',#1054);
#1056=CARTESIAN_POINT('',(26.,97.,-8.));
#1057=DIRECTION('',(0.,1.,0.));
#1058=DIRECTION('',(0.,-0.,1.));
#1059=AXIS2_PLACEMENT_3D('',#1056,#1057,#1058);
#1060=CIRCLE('',#1059,1.);
#1061=EDGE_CURVE('',#1053,#1055,#1060,.T.);
#1062=ORIENTED_EDGE('',*,*,#1061,.F.);
#1063=CARTESIAN_POINT('',(27.,97.,8.));
#1064=VERTEX_POINT('',#1063);
#1065=CARTESIAN_POINT('',(27.,97.,8.));
#1066=DIRECTION('',(0.,0.,-1.));
#1067=VECTOR('',#1066,16.);
#1068=LINE('',#1065,#1067);
#1069=EDGE_CURVE('',#1064,#1053,#1068,.T.);
#1070=ORIENTED_EDGE('',*,*,#1069,.F.);
#1071=CARTESIAN_POINT('',(26.,97.,9.));
#1072=VERTEX_POINT('',#1071);
#1073=CARTESIAN_POINT('',(26.,97.,8.));
#1074=DIRECTION('',(0.,1.,0.));
#1075=DIRECTION('',(0.,-0.,1.));
#1076=AXIS2_PLACEMENT_3D('',#1073,#1074,#1075);
#1077=CIRCLE('',#1076,1.);
#1078=EDGE_CURVE('',#1072,#1064,#1077,.T.);
#1079=ORIENTED_EDGE('',*,*,#1078,.F.);
#1080=CARTESIAN_POINT('',(25.,97.,8.));
#1081=VERTEX_POINT('',#1080);
#1082=CARTESIAN_POINT('',(26.,97.,8.));
#1083=DIRECTION('',(0.,1.,0.));
#1084=DIRECTION('',(0.,-0.,1.));
#1085=AXIS2_PLACEMENT_3D('',#1082,#1083,#1084);
#1086=CIRCLE('',#1085,1.);
#1087=EDGE_CURVE('',#1081,#1072,#1086,.T.);
#1088=ORIENTED_EDGE('',*,*,#1087,.F.);
#1089=CARTESIAN_POINT('',(25.,97.,-8.));
#1090=DIRECTION('',(0.,0.,1.));
#1091=VECTOR('',#1090,16.);
#1092=LINE('',#1089,#1091);
#1093=EDGE_CURVE('',#1055,#1081,#1092,.T.);
#1094=ORIENTED_EDGE('',*,*,#1093,.F.);
#1095=EDGE_LOOP('',(#1062,#1070,#1079,#1088,#1094));
#1096=FACE_BOUND('',#1095,.T.);
#1097=CARTESIAN_POINT('',(3.1,97.,-4.6));
#1098=VERTEX_POINT('',#1097);
#1099=CARTESIAN_POINT('',(-1.1,97.,-4.6));
#1100=VERTEX_POINT('',#1099);
#1101=CARTESIAN_POINT('',(3.1,97.,-4.6));
#1102=DIRECTION('',(-1.,0.,0.));
#1103=VECTOR('',#1102,4.2);
#1104=LINE('',#1101,#1103);
#1105=EDGE_CURVE('',#1098,#1100,#1104,.T.);
#1106=ORIENTED_EDGE('',*,*,#1105,.F.);
#1107=CARTESIAN_POINT('',(3.7,97.,-4.));
#1108=VERTEX_POINT('',#1107);
#1109=CARTESIAN_POINT('',(3.05,97.,-3.95));
#1110=DIRECTION('',(0.,1.,0.));
#1111=DIRECTION('',(0.,-0.,1.));
#1112=AXIS2_PLACEMENT_3D('',#1109,#1110,#1111);
#1113=CIRCLE('',#1112,0.651920241);
#1114=EDGE_CURVE('',#1108,#1098,#1113,.T.);
#1115=ORIENTED_EDGE('',*,*,#1114,.F.);
#1116=CARTESIAN_POINT('',(3.7,97.,4.));
#1117=VERTEX_POINT('',#1116);
#1118=CARTESIAN_POINT('',(3.7,97.,4.));
#1119=DIRECTION('',(0.,0.,-1.));
#1120=VECTOR('',#1119,8.);
#1121=LINE('',#1118,#1120);
#1122=EDGE_CURVE('',#1117,#1108,#1121,.T.);
#1123=ORIENTED_EDGE('',*,*,#1122,.F.);
#1124=CARTESIAN_POINT('',(3.1,97.,4.6));
#1125=VERTEX_POINT('',#1124);
#1126=CARTESIAN_POINT('',(3.05,97.,3.95));
#1127=DIRECTION('',(0.,1.,0.));
#1128=DIRECTION('',(0.,-0.,1.));
#1129=AXIS2_PLACEMENT_3D('',#1126,#1127,#1128);
#1130=CIRCLE('',#1129,0.651920241);
#1131=EDGE_CURVE('',#1125,#1117,#1130,.T.);
#1132=ORIENTED_EDGE('',*,*,#1131,.F.);
#1133=CARTESIAN_POINT('',(-1.1,97.,4.6));
#1134=VERTEX_POINT('',#1133);
#1135=CARTESIAN_POINT('',(-1.1,97.,4.6));
#1136=DIRECTION('',(1.,0.,-0.));
#1137=VECTOR('',#1136,4.2);
#1138=LINE('',#1135,#1137);
#1139=EDGE_CURVE('',#1134,#1125,#1138,.T.);
#1140=ORIENTED_EDGE('',*,*,#1139,.F.);
#1141=CARTESIAN_POINT('',(-1.7,97.,4.));
#1142=VERTEX_POINT('',#1141);
#1143=CARTESIAN_POINT('',(-1.05,97.,3.95));
#1144=DIRECTION('',(0.,1.,0.));
#1145=DIRECTION('',(0.,-0.,1.));
#1146=AXIS2_PLACEMENT_3D('',#1143,#1144,#1145);
#1147=CIRCLE('',#1146,0.651920241);
#1148=EDGE_CURVE('',#1142,#1134,#1147,.T.);
#1149=ORIENTED_EDGE('',*,*,#1148,.F.);
#1150=CARTESIAN_POINT('',(-1.7,97.,-4.));
#1151=VERTEX_POINT('',#1150);
#1152=CARTESIAN_POINT('',(-1.7,97.,-4.));
#1153=DIRECTION('',(0.,0.,1.));
#1154=VECTOR('',#1153,8.);
#1155=LINE('',#1152,#1154);
#1156=EDGE_CURVE('',#1151,#1142,#1155,.T.);
#1157=ORIENTED_EDGE('',*,*,#1156,.F.);
#1158=CARTESIAN_POINT('',(-1.05,97.,-3.95));
#1159=DIRECTION('',(0.,1.,0.));
#1160=DIRECTION('',(0.,-0.,1.));
#1161=AXIS2_PLACEMENT_3D('',#1158,#1159,#1160);
#1162=CIRCLE('',#1161,0.651920241);
#1163=EDGE_CURVE('',#1100,#1151,#1162,.T.);
#1164=ORIENTED_EDGE('',*,*,#1163,.F.);
#1165=EDGE_LOOP('',(#1106,#1115,#1123,#1132,#1140,#1149,#1157,#1164));
#1166=FACE_BOUND('',#1165,.T.);
#1167=CARTESIAN_POINT('',(52.75,97.,11.299038106));
#1168=VERTEX_POINT('',#1167);
#1169=CARTESIAN_POINT('',(53.5,97.,10.));
#1170=VERTEX_POINT('',#1169);
#1171=CARTESIAN_POINT('',(52.75,97.,11.299038106));
#1172=DIRECTION('',(0.5,0.,-0.866025404));
#1173=VECTOR('',#1172,1.5);
#1174=LINE('',#1171,#1173);
#1175=EDGE_CURVE('',#1168,#1170,#1174,.T.);
#1176=ORIENTED_EDGE('',*,*,#1175,.F.);
#1177=CARTESIAN_POINT('',(51.25,97.,11.299038106));
#1178=VERTEX_POINT('',#1177);
#1179=CARTESIAN_POINT('',(51.25,97.,11.299038106));
#1180=DIRECTION('',(1.,0.,-0.));
#1181=VECTOR('',#1180,1.5);
#1182=LINE('',#1179,#1181);
#1183=EDGE_CURVE('',#1178,#1168,#1182,.T.);
#1184=ORIENTED_EDGE('',*,*,#1183,.F.);
#1185=CARTESIAN_POINT('',(50.5,97.,10.));
#1186=VERTEX_POINT('',#1185);
#1187=CARTESIAN_POINT('',(50.5,97.,10.));
#1188=DIRECTION('',(0.5,0.,0.866025404));
#1189=VECTOR('',#1188,1.5);
#1190=LINE('',#1187,#1189);
#1191=EDGE_CURVE('',#1186,#1178,#1190,.T.);
#1192=ORIENTED_EDGE('',*,*,#1191,.F.);
#1193=CARTESIAN_POINT('',(51.25,97.,8.700961894));
#1194=VERTEX_POINT('',#1193);
#1195=CARTESIAN_POINT('',(51.25,97.,8.700961894));
#1196=DIRECTION('',(-0.5,0.,0.866025404));
#1197=VECTOR('',#1196,1.5);
#1198=LINE('',#1195,#1197);
#1199=EDGE_CURVE('',#1194,#1186,#1198,.T.);
#1200=ORIENTED_EDGE('',*,*,#1199,.F.);
#1201=CARTESIAN_POINT('',(52.75,97.,8.700961894));
#1202=VERTEX_POINT('',#1201);
#1203=CARTESIAN_POINT('',(52.75,97.,8.700961894));
#1204=DIRECTION('',(-1.,0.,0.));
#1205=VECTOR('',#1204,1.5);
#1206=LINE('',#1203,#1205);
#1207=EDGE_CURVE('',#1202,#1194,#1206,.T.);
#1208=ORIENTED_EDGE('',*,*,#1207,.F.);
#1209=CARTESIAN_POINT('',(53.5,97.,10.));
#1210=DIRECTION('',(-0.5,0.,-0.866025404));
#1211=VECTOR('',#1210,1.5);
#1212=LINE('',#1209,#1211);
#1213=EDGE_CURVE('',#1170,#1202,#1212,.T.);
#1214=ORIENTED_EDGE('',*,*,#1213,.F.);
#1215=EDGE_LOOP('',(#1176,#1184,#1192,#1200,#1208,#1214));
#1216=FACE_BOUND('',#1215,.T.);
#1217=CARTESIAN_POINT('',(-51.25,97.,-8.700961894));
#1218=VERTEX_POINT('',#1217);
#1219=CARTESIAN_POINT('',(-50.5,97.,-10.));
#1220=VERTEX_POINT('',#1219);
#1221=CARTESIAN_POINT('',(-51.25,97.,-8.700961894));
#1222=DIRECTION('',(0.5,0.,-0.866025404));
#1223=VECTOR('',#1222,1.5);
#1224=LINE('',#1221,#1223);
#1225=EDGE_CURVE('',#1218,#1220,#1224,.T.);
#1226=ORIENTED_EDGE('',*,*,#1225,.F.);
#1227=CARTESIAN_POINT('',(-52.75,97.,-8.700961894));
#1228=VERTEX_POINT('',#1227);
#1229=CARTESIAN_POINT('',(-52.75,97.,-8.700961894));
#1230=DIRECTION('',(1.,0.,-0.));
#1231=VECTOR('',#1230,1.5);
#1232=LINE('',#1229,#1231);
#1233=EDGE_CURVE('',#1228,#1218,#1232,.T.);
#1234=ORIENTED_EDGE('',*,*,#1233,.F.);
#1235=CARTESIAN_POINT('',(-53.5,97.,-10.));
#1236=VERTEX_POINT('',#1235);
#1237=CARTESIAN_POINT('',(-53.5,97.,-10.));
#1238=DIRECTION('',(0.5,0.,0.866025404));
#1239=VECTOR('',#1238,1.5);
#1240=LINE('',#1237,#1239);
#1241=EDGE_CURVE('',#1236,#1228,#1240,.T.);
#1242=ORIENTED_EDGE('',*,*,#1241,.F.);
#1243=CARTESIAN_POINT('',(-52.75,97.,-11.299038106));
#1244=VERTEX_POINT('',#1243);
#1245=CARTESIAN_POINT('',(-52.75,97.,-11.299038106));
#1246=DIRECTION('',(-0.5,0.,0.866025404));
#1247=VECTOR('',#1246,1.5);
#1248=LINE('',#1245,#1247);
#1249=EDGE_CURVE('',#1244,#1236,#1248,.T.);
#1250=ORIENTED_EDGE('',*,*,#1249,.F.);
#1251=CARTESIAN_POINT('',(-51.25,97.,-11.299038106));
#1252=VERTEX_POINT('',#1251);
#1253=CARTESIAN_POINT('',(-51.25,97.,-11.299038106));
#1254=DIRECTION('',(-1.,0.,0.));
#1255=VECTOR('',#1254,1.5);
#1256=LINE('',#1253,#1255);
#1257=EDGE_CURVE('',#1252,#1244,#1256,.T.);
#1258=ORIENTED_EDGE('',*,*,#1257,.F.);
#1259=CARTESIAN_POINT('',(-50.5,97.,-10.));
#1260=DIRECTION('',(-0.5,0.,-0.866025404));
#1261=VECTOR('',#1260,1.5);
#1262=LINE('',#1259,#1261);
#1263=EDGE_CURVE('',#1220,#1252,#1262,.T.);
#1264=ORIENTED_EDGE('',*,*,#1263,.F.);
#1265=EDGE_LOOP('',(#1226,#1234,#1242,#1250,#1258,#1264));
#1266=FACE_BOUND('',#1265,.T.);
#1267=CARTESIAN_POINT('',(-58.,97.,10.));
#1268=VERTEX_POINT('',#1267);
#1269=CARTESIAN_POINT('',(-52.,97.,16.));
#1270=VERTEX_POINT('',#1269);
#1271=CARTESIAN_POINT('',(-52.,97.,10.));
#1272=DIRECTION('',(0.,1.,0.));
#1273=DIRECTION('',(0.,-0.,1.));
#1274=AXIS2_PLACEMENT_3D('',#1271,#1272,#1273);
#1275=CIRCLE('',#1274,6.);
#1276=EDGE_CURVE('',#1268,#1270,#1275,.T.);
#1277=ORIENTED_EDGE('',*,*,#1276,.T.);
#1278=CARTESIAN_POINT('',(52.,97.,16.));
#1279=VERTEX_POINT('',#1278);
#1280=CARTESIAN_POINT('',(-52.,97.,16.));
#1281=DIRECTION('',(1.,0.,-0.));
#1282=VECTOR('',#1281,104.);
#1283=LINE('',#1280,#1282);
#1284=EDGE_CURVE('',#1270,#1279,#1283,.T.);
#1285=ORIENTED_EDGE('',*,*,#1284,.T.);
#1286=CARTESIAN_POINT('',(58.,97.,10.));
#1287=VERTEX_POINT('',#1286);
#1288=CARTESIAN_POINT('',(52.,97.,10.));
#1289=DIRECTION('',(0.,1.,0.));
#1290=DIRECTION('',(0.,-0.,1.));
#1291=AXIS2_PLACEMENT_3D('',#1288,#1289,#1290);
#1292=CIRCLE('',#1291,6.);
#1293=EDGE_CURVE('',#1279,#1287,#1292,.T.);
#1294=ORIENTED_EDGE('',*,*,#1293,.T.);
#1295=CARTESIAN_POINT('',(58.,97.,-10.));
#1296=VERTEX_POINT('',#1295);
#1297=CARTESIAN_POINT('',(58.,97.,10.));
#1298=DIRECTION('',(0.,0.,-1.));
#1299=VECTOR('',#1298,20.);
#1300=LINE('',#1297,#1299);
#1301=EDGE_CURVE('',#1287,#1296,#1300,.T.);
#1302=ORIENTED_EDGE('',*,*,#1301,.T.);
#1303=CARTESIAN_POINT('',(52.,97.,-16.));
#1304=VERTEX_POINT('',#1303);
#1305=CARTESIAN_POINT('',(52.,97.,-10.));
#1306=DIRECTION('',(0.,1.,0.));
#1307=DIRECTION('',(0.,-0.,1.));
#1308=AXIS2_PLACEMENT_3D('',#1305,#1306,#1307);
#1309=CIRCLE('',#1308,6.);
#1310=EDGE_CURVE('',#1296,#1304,#1309,.T.);
#1311=ORIENTED_EDGE('',*,*,#1310,.T.);
#1312=CARTESIAN_POINT('',(-52.,97.,-16.));
#1313=VERTEX_POINT('',#1312);
#1314=CARTESIAN_POINT('',(52.,97.,-16.));
#1315=DIRECTION('',(-1.,0.,0.));
#1316=VECTOR('',#1315,104.);
#1317=LINE('',#1314,#1316);
#1318=EDGE_CURVE('',#1304,#1313,#1317,.T.);
#1319=ORIENTED_EDGE('',*,*,#1318,.T.);
#1320=CARTESIAN_POINT('',(-58.,97.,-10.));
#1321=VERTEX_POINT('',#1320);
#1322=CARTESIAN_POINT('',(-52.,97.,-10.));
#1323=DIRECTION('',(0.,1.,0.));
#1324=DIRECTION('',(0.,-0.,1.));
#1325=AXIS2_PLACEMENT_3D('',#1322,#1323,#1324);
#1326=CIRCLE('',#1325,6.);
#1327=EDGE_CURVE('',#1313,#1321,#1326,.T.);
#1328=ORIENTED_EDGE('',*,*,#1327,.T.);
#1329=CARTESIAN_POINT('',(-58.,97.,-10.));
#1330=DIRECTION('',(0.,0.,1.));
#1331=VECTOR('',#1330,20.);
#1332=LINE('',#1329,#1331);
#1333=EDGE_CURVE('',#1321,#1268,#1332,.T.);
#1334=ORIENTED_EDGE('',*,*,#1333,.T.);
#1335=EDGE_LOOP('',(#1277,#1285,#1294,#1302,#1311,#1319,#1328,#1334));
#1336=FACE_BOUND('',#1335,.T.);
#1337=CARTESIAN_POINT('',(53.5,97.,-10.));
#1338=VERTEX_POINT('',#1337);
#1339=CARTESIAN_POINT('',(52.75,97.,-8.700961894));
#1340=VERTEX_POINT('',#1339);
#1341=CARTESIAN_POINT('',(53.5,97.,-10.));
#1342=DIRECTION('',(-0.5,0.,0.866025404));
#1343=VECTOR('',#1342,1.5);
#1344=LINE('',#1341,#1343);
#1345=EDGE_CURVE('',#1338,#1340,#1344,.T.);
#1346=ORIENTED_EDGE('',*,*,#1345,.T.);
#1347=CARTESIAN_POINT('',(51.25,97.,-8.700961894));
#1348=VERTEX_POINT('',#1347);
#1349=CARTESIAN_POINT('',(52.75,97.,-8.700961894));
#1350=DIRECTION('',(-1.,0.,-0.));
#1351=VECTOR('',#1350,1.5);
#1352=LINE('',#1349,#1351);
#1353=EDGE_CURVE('',#1340,#1348,#1352,.T.);
#1354=ORIENTED_EDGE('',*,*,#1353,.T.);
#1355=CARTESIAN_POINT('',(50.5,97.,-10.));
#1356=VERTEX_POINT('',#1355);
#1357=CARTESIAN_POINT('',(51.25,97.,-8.700961894));
#1358=DIRECTION('',(-0.5,0.,-0.866025404));
#1359=VECTOR('',#1358,1.5);
#1360=LINE('',#1357,#1359);
#1361=EDGE_CURVE('',#1348,#1356,#1360,.T.);
#1362=ORIENTED_EDGE('',*,*,#1361,.T.);
#1363=CARTESIAN_POINT('',(51.25,97.,-11.299038106));
#1364=VERTEX_POINT('',#1363);
#1365=CARTESIAN_POINT('',(50.5,97.,-10.));
#1366=DIRECTION('',(0.5,0.,-0.866025404));
#1367=VECTOR('',#1366,1.5);
#1368=LINE('',#1365,#1367);
#1369=EDGE_CURVE('',#1356,#1364,#1368,.T.);
#1370=ORIENTED_EDGE('',*,*,#1369,.T.);
#1371=CARTESIAN_POINT('',(52.75,97.,-11.299038106));
#1372=VERTEX_POINT('',#1371);
#1373=CARTESIAN_POINT('',(51.25,97.,-11.299038106));
#1374=DIRECTION('',(1.,0.,0.));
#1375=VECTOR('',#1374,1.5);
#1376=LINE('',#1373,#1375);
#1377=EDGE_CURVE('',#1364,#1372,#1376,.T.);
#1378=ORIENTED_EDGE('',*,*,#1377,.T.);
#1379=CARTESIAN_POINT('',(52.75,97.,-11.299038106));
#1380=DIRECTION('',(0.5,0.,0.866025404));
#1381=VECTOR('',#1380,1.5);
#1382=LINE('',#1379,#1381);
#1383=EDGE_CURVE('',#1372,#1338,#1382,.T.);
#1384=ORIENTED_EDGE('',*,*,#1383,.T.);
#1385=EDGE_LOOP('',(#1346,#1354,#1362,#1370,#1378,#1384));
#1386=FACE_BOUND('',#1385,.T.);
#1387=CARTESIAN_POINT('',(-50.5,97.,10.));
#1388=VERTEX_POINT('',#1387);
#1389=CARTESIAN_POINT('',(-51.25,97.,11.299038106));
#1390=VERTEX_POINT('',#1389);
#1391=CARTESIAN_POINT('',(-50.5,97.,10.));
#1392=DIRECTION('',(-0.5,0.,0.866025404));
#1393=VECTOR('',#1392,1.5);
#1394=LINE('',#1391,#1393);
#1395=EDGE_CURVE('',#1388,#1390,#1394,.T.);
#1396=ORIENTED_EDGE('',*,*,#1395,.T.);
#1397=CARTESIAN_POINT('',(-52.75,97.,11.299038106));
#1398=VERTEX_POINT('',#1397);
#1399=CARTESIAN_POINT('',(-51.25,97.,11.299038106));
#1400=DIRECTION('',(-1.,0.,-0.));
#1401=VECTOR('',#1400,1.5);
#1402=LINE('',#1399,#1401);
#1403=EDGE_CURVE('',#1390,#1398,#1402,.T.);
#1404=ORIENTED_EDGE('',*,*,#1403,.T.);
#1405=CARTESIAN_POINT('',(-53.5,97.,10.));
#1406=VERTEX_POINT('',#1405);
#1407=CARTESIAN_POINT('',(-52.75,97.,11.299038106));
#1408=DIRECTION('',(-0.5,0.,-0.866025404));
#1409=VECTOR('',#1408,1.5);
#1410=LINE('',#1407,#1409);
#1411=EDGE_CURVE('',#1398,#1406,#1410,.T.);
#1412=ORIENTED_EDGE('',*,*,#1411,.T.);
#1413=CARTESIAN_POINT('',(-52.75,97.,8.700961894));
#1414=VERTEX_POINT('',#1413);
#1415=CARTESIAN_POINT('',(-53.5,97.,10.));
#1416=DIRECTION('',(0.5,0.,-0.866025404));
#1417=VECTOR('',#1416,1.5);
#1418=LINE('',#1415,#1417);
#1419=EDGE_CURVE('',#1406,#1414,#1418,.T.);
#1420=ORIENTED_EDGE('',*,*,#1419,.T.);
#1421=CARTESIAN_POINT('',(-51.25,97.,8.700961894));
#1422=VERTEX_POINT('',#1421);
#1423=CARTESIAN_POINT('',(-52.75,97.,8.700961894));
#1424=DIRECTION('',(1.,0.,0.));
#1425=VECTOR('',#1424,1.5);
#1426=LINE('',#1423,#1425);
#1427=EDGE_CURVE('',#1414,#1422,#1426,.T.);
#1428=ORIENTED_EDGE('',*,*,#1427,.T.);
#1429=CARTESIAN_POINT('',(-51.25,97.,8.700961894));
#1430=DIRECTION('',(0.5,0.,0.866025404));
#1431=VECTOR('',#1430,1.5);
#1432=LINE('',#1429,#1431);
#1433=EDGE_CURVE('',#1422,#1388,#1432,.T.);
#1434=ORIENTED_EDGE('',*,*,#1433,.T.);
#1435=EDGE_LOOP('',(#1396,#1404,#1412,#1420,#1428,#1434));
#1436=FACE_BOUND('',#1435,.T.);
#1437=CARTESIAN_POINT('',(-22.,97.,9.));
#1438=VERTEX_POINT('',#1437);
#1439=CARTESIAN_POINT('',(-21.,97.,8.));
#1440=VERTEX_POINT('',#1439);
#1441=CARTESIAN_POINT('',(-22.,97.,8.));
#1442=DIRECTION('',(0.,1.,0.));
#1443=DIRECTION('',(0.,-0.,1.));
#1444=AXIS2_PLACEMENT_3D('',#1441,#1442,#1443);
#1445=CIRCLE('',#1444,1.);
#1446=EDGE_CURVE('',#1438,#1440,#1445,.T.);
#1447=ORIENTED_EDGE('',*,*,#1446,.F.);
#1448=CARTESIAN_POINT('',(-23.,97.,8.));
#1449=VERTEX_POINT('',#1448);
#1450=CARTESIAN_POINT('',(-22.,97.,8.));
#1451=DIRECTION('',(0.,1.,0.));
#1452=DIRECTION('',(0.,-0.,1.));
#1453=AXIS2_PLACEMENT_3D('',#1450,#1451,#1452);
#1454=CIRCLE('',#1453,1.);
#1455=EDGE_CURVE('',#1449,#1438,#1454,.T.);
#1456=ORIENTED_EDGE('',*,*,#1455,.F.);
#1457=CARTESIAN_POINT('',(-23.,97.,-8.));
#1458=VERTEX_POINT('',#1457);
#1459=CARTESIAN_POINT('',(-23.,97.,8.));
#1460=DIRECTION('',(0.,0.,-1.));
#1461=VECTOR('',#1460,16.);
#1462=LINE('',#1459,#1461);
#1463=EDGE_CURVE('',#1449,#1458,#1462,.T.);
#1464=ORIENTED_EDGE('',*,*,#1463,.T.);
#1465=CARTESIAN_POINT('',(-21.,97.,-8.));
#1466=VERTEX_POINT('',#1465);
#1467=CARTESIAN_POINT('',(-22.,97.,-8.));
#1468=DIRECTION('',(0.,1.,0.));
#1469=DIRECTION('',(0.,-0.,1.));
#1470=AXIS2_PLACEMENT_3D('',#1467,#1468,#1469);
#1471=CIRCLE('',#1470,1.);
#1472=EDGE_CURVE('',#1466,#1458,#1471,.T.);
#1473=ORIENTED_EDGE('',*,*,#1472,.F.);
#1474=CARTESIAN_POINT('',(-21.,97.,-8.));
#1475=DIRECTION('',(-0.,0.,1.));
#1476=VECTOR('',#1475,16.);
#1477=LINE('',#1474,#1476);
#1478=EDGE_CURVE('',#1466,#1440,#1477,.T.);
#1479=ORIENTED_EDGE('',*,*,#1478,.T.);
#1480=EDGE_LOOP('',(#1447,#1456,#1464,#1473,#1479));
#1481=FACE_BOUND('',#1480,.T.);
#1482=CARTESIAN_POINT('',(-30.,97.,9.));
#1483=VERTEX_POINT('',#1482);
#1484=CARTESIAN_POINT('',(-29.,97.,8.));
#1485=VERTEX_POINT('',#1484);
#1486=CARTESIAN_POINT('',(-30.,97.,8.));
#1487=DIRECTION('',(0.,1.,0.));
#1488=DIRECTION('',(0.,-0.,1.));
#1489=AXIS2_PLACEMENT_3D('',#1486,#1487,#1488);
#1490=CIRCLE('',#1489,1.);
#1491=EDGE_CURVE('',#1483,#1485,#1490,.T.);
#1492=ORIENTED_EDGE('',*,*,#1491,.F.);
#1493=CARTESIAN_POINT('',(-31.,97.,8.));
#1494=VERTEX_POINT('',#1493);
#1495=CARTESIAN_POINT('',(-30.,97.,8.));
#1496=DIRECTION('',(0.,1.,0.));
#1497=DIRECTION('',(0.,-0.,1.));
#1498=AXIS2_PLACEMENT_3D('',#1495,#1496,#1497);
#1499=CIRCLE('',#1498,1.);
#1500=EDGE_CURVE('',#1494,#1483,#1499,.T.);
#1501=ORIENTED_EDGE('',*,*,#1500,.F.);
#1502=CARTESIAN_POINT('',(-31.,97.,-8.));
#1503=VERTEX_POINT('',#1502);
#1504=CARTESIAN_POINT('',(-31.,97.,8.));
#1505=DIRECTION('',(0.,0.,-1.));
#1506=VECTOR('',#1505,16.);
#1507=LINE('',#1504,#1506);
#1508=EDGE_CURVE('',#1494,#1503,#1507,.T.);
#1509=ORIENTED_EDGE('',*,*,#1508,.T.);
#1510=CARTESIAN_POINT('',(-29.,97.,-8.));
#1511=VERTEX_POINT('',#1510);
#1512=CARTESIAN_POINT('',(-30.,97.,-8.));
#1513=DIRECTION('',(0.,1.,0.));
#1514=DIRECTION('',(0.,-0.,1.));
#1515=AXIS2_PLACEMENT_3D('',#1512,#1513,#1514);
#1516=CIRCLE('',#1515,1.);
#1517=EDGE_CURVE('',#1511,#1503,#1516,.T.);
#1518=ORIENTED_EDGE('',*,*,#1517,.F.);
#1519=CARTESIAN_POINT('',(-29.,97.,-8.));
#1520=DIRECTION('',(-0.,0.,1.));
#1521=VECTOR('',#1520,16.);
#1522=LINE('',#1519,#1521);
#1523=EDGE_CURVE('',#1511,#1485,#1522,.T.);
#1524=ORIENTED_EDGE('',*,*,#1523,.T.);
#1525=EDGE_LOOP('',(#1492,#1501,#1509,#1518,#1524));
#1526=FACE_BOUND('',#1525,.T.);
#1527=CARTESIAN_POINT('',(-26.,97.,9.));
#1528=VERTEX_POINT('',#1527);
#1529=CARTESIAN_POINT('',(-25.,97.,8.));
#1530=VERTEX_POINT('',#1529);
#1531=CARTESIAN_POINT('',(-26.,97.,8.));
#1532=DIRECTION('',(0.,1.,0.));
#1533=DIRECTION('',(0.,-0.,1.));
#1534=AXIS2_PLACEMENT_3D('',#1531,#1532,#1533);
#1535=CIRCLE('',#1534,1.);
#1536=EDGE_CURVE('',#1528,#1530,#1535,.T.);
#1537=ORIENTED_EDGE('',*,*,#1536,.F.);
#1538=CARTESIAN_POINT('',(-27.,97.,8.));
#1539=VERTEX_POINT('',#1538);
#1540=CARTESIAN_POINT('',(-26.,97.,8.));
#1541=DIRECTION('',(0.,1.,0.));
#1542=DIRECTION('',(0.,-0.,1.));
#1543=AXIS2_PLACEMENT_3D('',#1540,#1541,#1542);
#1544=CIRCLE('',#1543,1.);
#1545=EDGE_CURVE('',#1539,#1528,#1544,.T.);
#1546=ORIENTED_EDGE('',*,*,#1545,.F.);
#1547=CARTESIAN_POINT('',(-27.,97.,-8.));
#1548=VERTEX_POINT('',#1547);
#1549=CARTESIAN_POINT('',(-27.,97.,8.));
#1550=DIRECTION('',(0.,0.,-1.));
#1551=VECTOR('',#1550,16.);
#1552=LINE('',#1549,#1551);
#1553=EDGE_CURVE('',#1539,#1548,#1552,.T.);
#1554=ORIENTED_EDGE('',*,*,#1553,.T.);
#1555=CARTESIAN_POINT('',(-25.,97.,-8.));
#1556=VERTEX_POINT('',#1555);
#1557=CARTESIAN_POINT('',(-26.,97.,-8.));
#1558=DIRECTION('',(0.,1.,0.));
#1559=DIRECTION('',(0.,-0.,1.));
#1560=AXIS2_PLACEMENT_3D('',#1557,#1558,#1559);
#1561=CIRCLE('',#1560,1.);
#1562=EDGE_CURVE('',#1556,#1548,#1561,.T.);
#1563=ORIENTED_EDGE('',*,*,#1562,.F.);
#1564=CARTESIAN_POINT('',(-25.,97.,-8.));
#1565=DIRECTION('',(-0.,0.,1.));
#1566=VECTOR('',#1565,16.);
#1567=LINE('',#1564,#1566);
#1568=EDGE_CURVE('',#1556,#1530,#1567,.T.);
#1569=ORIENTED_EDGE('',*,*,#1568,.T.);
#1570=EDGE_LOOP('',(#1537,#1546,#1554,#1563,#1569));
#1571=FACE_BOUND('',#1570,.T.);
#1572=CARTESIAN_POINT('',(-34.,97.,9.));
#1573=VERTEX_POINT('',#1572);
#1574=CARTESIAN_POINT('',(-33.,97.,8.));
#1575=VERTEX_POINT('',#1574);
#1576=CARTESIAN_POINT('',(-34.,97.,8.));
#1577=DIRECTION('',(0.,1.,0.));
#1578=DIRECTION('',(0.,-0.,1.));
#1579=AXIS2_PLACEMENT_3D('',#1576,#1577,#1578);
#1580=CIRCLE('',#1579,1.);
#1581=EDGE_CURVE('',#1573,#1575,#1580,.T.);
#1582=ORIENTED_EDGE('',*,*,#1581,.F.);
#1583=CARTESIAN_POINT('',(-35.,97.,8.));
#1584=VERTEX_POINT('',#1583);
#1585=CARTESIAN_POINT('',(-34.,97.,8.));
#1586=DIRECTION('',(0.,1.,0.));
#1587=DIRECTION('',(0.,-0.,1.));
#1588=AXIS2_PLACEMENT_3D('',#1585,#1586,#1587);
#1589=CIRCLE('',#1588,1.);
#1590=EDGE_CURVE('',#1584,#1573,#1589,.T.);
#1591=ORIENTED_EDGE('',*,*,#1590,.F.);
#1592=CARTESIAN_POINT('',(-35.,97.,-8.));
#1593=VERTEX_POINT('',#1592);
#1594=CARTESIAN_POINT('',(-35.,97.,8.));
#1595=DIRECTION('',(0.,0.,-1.));
#1596=VECTOR('',#1595,16.);
#1597=LINE('',#1594,#1596);
#1598=EDGE_CURVE('',#1584,#1593,#1597,.T.);
#1599=ORIENTED_EDGE('',*,*,#1598,.T.);
#1600=CARTESIAN_POINT('',(-33.,97.,-8.));
#1601=VERTEX_POINT('',#1600);
#1602=CARTESIAN_POINT('',(-34.,97.,-8.));
#1603=DIRECTION('',(0.,1.,0.));
#1604=DIRECTION('',(0.,-0.,1.));
#1605=AXIS2_PLACEMENT_3D('',#1602,#1603,#1604);
#1606=CIRCLE('',#1605,1.);
#1607=EDGE_CURVE('',#1601,#1593,#1606,.T.);
#1608=ORIENTED_EDGE('',*,*,#1607,.F.);
#1609=CARTESIAN_POINT('',(-33.,97.,-8.));
#1610=DIRECTION('',(-0.,0.,1.));
#1611=VECTOR('',#1610,16.);
#1612=LINE('',#1609,#1611);
#1613=EDGE_CURVE('',#1601,#1575,#1612,.T.);
#1614=ORIENTED_EDGE('',*,*,#1613,.T.);
#1615=EDGE_LOOP('',(#1582,#1591,#1599,#1608,#1614));
#1616=FACE_BOUND('',#1615,.T.);
#1617=CARTESIAN_POINT('',(-38.,97.,9.));
#1618=VERTEX_POINT('',#1617);
#1619=CARTESIAN_POINT('',(-37.,97.,8.));
#1620=VERTEX_POINT('',#1619);
#1621=CARTESIAN_POINT('',(-38.,97.,8.));
#1622=DIRECTION('',(0.,1.,0.));
#1623=DIRECTION('',(0.,-0.,1.));
#1624=AXIS2_PLACEMENT_3D('',#1621,#1622,#1623);
#1625=CIRCLE('',#1624,1.);
#1626=EDGE_CURVE('',#1618,#1620,#1625,.T.);
#1627=ORIENTED_EDGE('',*,*,#1626,.F.);
#1628=CARTESIAN_POINT('',(-39.,97.,8.));
#1629=VERTEX_POINT('',#1628);
#1630=CARTESIAN_POINT('',(-38.,97.,8.));
#1631=DIRECTION('',(0.,1.,0.));
#1632=DIRECTION('',(0.,-0.,1.));
#1633=AXIS2_PLACEMENT_3D('',#1630,#1631,#1632);
#1634=CIRCLE('',#1633,1.);
#1635=EDGE_CURVE('',#1629,#1618,#1634,.T.);
#1636=ORIENTED_EDGE('',*,*,#1635,.F.);
#1637=CARTESIAN_POINT('',(-39.,97.,-8.));
#1638=VERTEX_POINT('',#1637);
#1639=CARTESIAN_POINT('',(-39.,97.,8.));
#1640=DIRECTION('',(0.,0.,-1.));
#1641=VECTOR('',#1640,16.);
#1642=LINE('',#1639,#1641);
#1643=EDGE_CURVE('',#1629,#1638,#1642,.T.);
#1644=ORIENTED_EDGE('',*,*,#1643,.T.);
#1645=CARTESIAN_POINT('',(-37.,97.,-8.));
#1646=VERTEX_POINT('',#1645);
#1647=CARTESIAN_POINT('',(-38.,97.,-8.));
#1648=DIRECTION('',(0.,1.,0.));
#1649=DIRECTION('',(0.,-0.,1.));
#1650=AXIS2_PLACEMENT_3D('',#1647,#1648,#1649);
#1651=CIRCLE('',#1650,1.);
#1652=EDGE_CURVE('',#1646,#1638,#1651,.T.);
#1653=ORIENTED_EDGE('',*,*,#1652,.F.);
#1654=CARTESIAN_POINT('',(-37.,97.,-8.));
#1655=DIRECTION('',(-0.,0.,1.));
#1656=VECTOR('',#1655,16.);
#1657=LINE('',#1654,#1656);
#1658=EDGE_CURVE('',#1646,#1620,#1657,.T.);
#1659=ORIENTED_EDGE('',*,*,#1658,.T.);
#1660=EDGE_LOOP('',(#1627,#1636,#1644,#1653,#1659));
#1661=FACE_BOUND('',#1660,.T.);
#1662=ADVANCED_FACE('',(#860,#871,#916,#961,#1006,#1051,#1096,#1166,#1216,#1266,#1336,#1386,#1436,#1481,#1526,#1571,#1616,#1661),#849,.T.);
#1663=CARTESIAN_POINT('',(-52.,95.,10.));
#1664=DIRECTION('',(0.,1.,0.));
#1665=DIRECTION('',(0.,-0.,1.));
#1666=AXIS2_PLACEMENT_3D('',#1663,#1664,#1665);
#1667=CYLINDRICAL_SURFACE('',#1666,6.);
#1668=ORIENTED_EDGE('',*,*,#1276,.F.);
#1669=CARTESIAN_POINT('',(-58.,95.,10.));
#1670=DIRECTION('',(0.,1.,0.));
#1671=VECTOR('',#1670,2.);
#1672=LINE('',#1669,#1671);
#1673=EDGE_CURVE('',#375,#1268,#1672,.T.);
#1674=ORIENTED_EDGE('',*,*,#1673,.F.);
#1675=ORIENTED_EDGE('',*,*,#383,.T.);
#1676=CARTESIAN_POINT('',(-52.,95.,16.));
#1677=DIRECTION('',(0.,1.,0.));
#1678=VECTOR('',#1677,2.);
#1679=LINE('',#1676,#1678);
#1680=EDGE_CURVE('',#377,#1270,#1679,.T.);
#1681=ORIENTED_EDGE('',*,*,#1680,.T.);
#1682=EDGE_LOOP('',(#1668,#1674,#1675,#1681));
#1683=FACE_BOUND('',#1682,.T.);
#1684=ADVANCED_FACE('',(#1683),#1667,.T.);
#1685=CARTESIAN_POINT('',(-0.,95.,16.));
#1686=DIRECTION('',(0.,0.,1.));
#1687=DIRECTION('',(1.,0.,-0.));
#1688=AXIS2_PLACEMENT_3D('',#1685,#1686,#1687);
#1689=PLANE('',#1688);
#1690=ORIENTED_EDGE('',*,*,#1284,.F.);
#1691=ORIENTED_EDGE('',*,*,#1680,.F.);
#1692=ORIENTED_EDGE('',*,*,#440,.T.);
#1693=CARTESIAN_POINT('',(52.,95.,16.));
#1694=DIRECTION('',(0.,1.,0.));
#1695=VECTOR('',#1694,2.);
#1696=LINE('',#1693,#1695);
#1697=EDGE_CURVE('',#428,#1279,#1696,.T.);
#1698=ORIENTED_EDGE('',*,*,#1697,.T.);
#1699=EDGE_LOOP('',(#1690,#1691,#1692,#1698));
#1700=FACE_BOUND('',#1699,.T.);
#1701=ADVANCED_FACE('',(#1700),#1689,.T.);
#1702=CARTESIAN_POINT('',(52.,95.,10.));
#1703=DIRECTION('',(0.,1.,0.));
#1704=DIRECTION('',(0.,-0.,1.));
#1705=AXIS2_PLACEMENT_3D('',#1702,#1703,#1704);
#1706=CYLINDRICAL_SURFACE('',#1705,6.);
#1707=ORIENTED_EDGE('',*,*,#1293,.F.);
#1708=ORIENTED_EDGE('',*,*,#1697,.F.);
#1709=ORIENTED_EDGE('',*,*,#434,.T.);
#1710=CARTESIAN_POINT('',(58.,95.,10.));
#1711=DIRECTION('',(0.,1.,0.));
#1712=VECTOR('',#1711,2.);
#1713=LINE('',#1710,#1712);
#1714=EDGE_CURVE('',#420,#1287,#1713,.T.);
#1715=ORIENTED_EDGE('',*,*,#1714,.T.);
#1716=EDGE_LOOP('',(#1707,#1708,#1709,#1715));
#1717=FACE_BOUND('',#1716,.T.);
#1718=ADVANCED_FACE('',(#1717),#1706,.T.);
#1719=CARTESIAN_POINT('',(58.,95.,0.));
#1720=DIRECTION('',(1.,0.,0.));
#1721=DIRECTION('',(0.,0.,-1.));
#1722=AXIS2_PLACEMENT_3D('',#1719,#1720,#1721);
#1723=PLANE('',#1722);
#1724=ORIENTED_EDGE('',*,*,#1301,.F.);
#1725=ORIENTED_EDGE('',*,*,#1714,.F.);
#1726=ORIENTED_EDGE('',*,*,#425,.T.);
#1727=CARTESIAN_POINT('',(58.,95.,-10.));
#1728=DIRECTION('',(0.,1.,0.));
#1729=VECTOR('',#1728,2.);
#1730=LINE('',#1727,#1729);
#1731=EDGE_CURVE('',#411,#1296,#1730,.T.);
#1732=ORIENTED_EDGE('',*,*,#1731,.T.);
#1733=EDGE_LOOP('',(#1724,#1725,#1726,#1732));
#1734=FACE_BOUND('',#1733,.T.);
#1735=ADVANCED_FACE('',(#1734),#1723,.T.);
#1736=CARTESIAN_POINT('',(52.,95.,-10.));
#1737=DIRECTION('',(0.,1.,0.));
#1738=DIRECTION('',(0.,-0.,1.));
#1739=AXIS2_PLACEMENT_3D('',#1736,#1737,#1738);
#1740=CYLINDRICAL_SURFACE('',#1739,6.);
#1741=ORIENTED_EDGE('',*,*,#1310,.F.);
#1742=ORIENTED_EDGE('',*,*,#1731,.F.);
#1743=ORIENTED_EDGE('',*,*,#417,.T.);
#1744=CARTESIAN_POINT('',(52.,95.,-16.));
#1745=DIRECTION('',(0.,1.,0.));
#1746=VECTOR('',#1745,2.);
#1747=LINE('',#1744,#1746);
#1748=EDGE_CURVE('',#403,#1304,#1747,.T.);
#1749=ORIENTED_EDGE('',*,*,#1748,.T.);
#1750=EDGE_LOOP('',(#1741,#1742,#1743,#1749));
#1751=FACE_BOUND('',#1750,.T.);
#1752=ADVANCED_FACE('',(#1751),#1740,.T.);
#1753=CARTESIAN_POINT('',(0.,95.,-16.));
#1754=DIRECTION('',(0.,0.,-1.));
#1755=DIRECTION('',(-1.,0.,0.));
#1756=AXIS2_PLACEMENT_3D('',#1753,#1754,#1755);
#1757=PLANE('',#1756);
#1758=ORIENTED_EDGE('',*,*,#1318,.F.);
#1759=ORIENTED_EDGE('',*,*,#1748,.F.);
#1760=ORIENTED_EDGE('',*,*,#408,.T.);
#1761=CARTESIAN_POINT('',(-52.,95.,-16.));
#1762=DIRECTION('',(0.,1.,0.));
#1763=VECTOR('',#1762,2.);
#1764=LINE('',#1761,#1763);
#1765=EDGE_CURVE('',#394,#1313,#1764,.T.);
#1766=ORIENTED_EDGE('',*,*,#1765,.T.);
#1767=EDGE_LOOP('',(#1758,#1759,#1760,#1766));
#1768=FACE_BOUND('',#1767,.T.);
#1769=ADVANCED_FACE('',(#1768),#1757,.T.);
#1770=CARTESIAN_POINT('',(-52.,95.,-10.));
#1771=DIRECTION('',(0.,1.,0.));
#1772=DIRECTION('',(0.,-0.,1.));
#1773=AXIS2_PLACEMENT_3D('',#1770,#1771,#1772);
#1774=CYLINDRICAL_SURFACE('',#1773,6.);
#1775=ORIENTED_EDGE('',*,*,#1327,.F.);
#1776=ORIENTED_EDGE('',*,*,#1765,.F.);
#1777=ORIENTED_EDGE('',*,*,#400,.T.);
#1778=CARTESIAN_POINT('',(-58.,95.,-10.));
#1779=DIRECTION('',(0.,1.,0.));
#1780=VECTOR('',#1779,2.);
#1781=LINE('',#1778,#1780);
#1782=EDGE_CURVE('',#386,#1321,#1781,.T.);
#1783=ORIENTED_EDGE('',*,*,#1782,.T.);
#1784=EDGE_LOOP('',(#1775,#1776,#1777,#1783));
#1785=FACE_BOUND('',#1784,.T.);
#1786=ADVANCED_FACE('',(#1785),#1774,.T.);
#1787=CARTESIAN_POINT('',(-58.,95.,0.));
#1788=DIRECTION('',(-1.,0.,0.));
#1789=DIRECTION('',(0.,0.,1.));
#1790=AXIS2_PLACEMENT_3D('',#1787,#1788,#1789);
#1791=PLANE('',#1790);
#1792=ORIENTED_EDGE('',*,*,#1333,.F.);
#1793=ORIENTED_EDGE('',*,*,#1782,.F.);
#1794=ORIENTED_EDGE('',*,*,#391,.T.);
#1795=ORIENTED_EDGE('',*,*,#1673,.T.);
#1796=EDGE_LOOP('',(#1792,#1793,#1794,#1795));
#1797=FACE_BOUND('',#1796,.T.);
#1798=ADVANCED_FACE('',(#1797),#1791,.T.);
#1799=CARTESIAN_POINT('',(-50.875,113.,-9.350480947));
#1800=DIRECTION('',(0.866025404,0.,0.5));
#1801=DIRECTION('',(0.5,0.,-0.866025404));
#1802=AXIS2_PLACEMENT_3D('',#1799,#1800,#1801);
#1803=PLANE('',#1802);
#1804=CARTESIAN_POINT('',(-51.25,97.,-8.700961894));
#1805=DIRECTION('',(0.,-1.,0.));
#1806=VECTOR('',#1805,2.);
#1807=LINE('',#1804,#1806);
#1808=EDGE_CURVE('',#1218,#447,#1807,.T.);
#1809=ORIENTED_EDGE('',*,*,#1808,.F.);
#1810=ORIENTED_EDGE('',*,*,#1225,.T.);
#1811=CARTESIAN_POINT('',(-50.5,97.,-10.));
#1812=DIRECTION('',(0.,-1.,0.));
#1813=VECTOR('',#1812,2.);
#1814=LINE('',#1811,#1813);
#1815=EDGE_CURVE('',#1220,#455,#1814,.T.);
#1816=ORIENTED_EDGE('',*,*,#1815,.T.);
#1817=ORIENTED_EDGE('',*,*,#460,.F.);
#1818=EDGE_LOOP('',(#1809,#1810,#1816,#1817));
#1819=FACE_BOUND('',#1818,.T.);
#1820=ADVANCED_FACE('',(#1819),#1803,.F.);
#1821=CARTESIAN_POINT('',(-52.,113.,-8.700961894));
#1822=DIRECTION('',(0.,0.,1.));
#1823=DIRECTION('',(1.,0.,-0.));
#1824=AXIS2_PLACEMENT_3D('',#1821,#1822,#1823);
#1825=PLANE('',#1824);
#1826=CARTESIAN_POINT('',(-52.75,97.,-8.700961894));
#1827=DIRECTION('',(0.,-1.,0.));
#1828=VECTOR('',#1827,2.);
#1829=LINE('',#1826,#1828);
#1830=EDGE_CURVE('',#1228,#445,#1829,.T.);
#1831=ORIENTED_EDGE('',*,*,#1830,.F.);
#1832=ORIENTED_EDGE('',*,*,#1233,.T.);
#1833=ORIENTED_EDGE('',*,*,#1808,.T.);
#1834=ORIENTED_EDGE('',*,*,#452,.F.);
#1835=EDGE_LOOP('',(#1831,#1832,#1833,#1834));
#1836=FACE_BOUND('',#1835,.T.);
#1837=ADVANCED_FACE('',(#1836),#1825,.F.);
#1838=CARTESIAN_POINT('',(-53.125,113.,-9.350480947));
#1839=DIRECTION('',(-0.866025404,0.,0.5));
#1840=DIRECTION('',(0.5,0.,0.866025404));
#1841=AXIS2_PLACEMENT_3D('',#1838,#1839,#1840);
#1842=PLANE('',#1841);
#1843=CARTESIAN_POINT('',(-53.5,97.,-10.));
#1844=DIRECTION('',(0.,-1.,0.));
#1845=VECTOR('',#1844,2.);
#1846=LINE('',#1843,#1845);
#1847=EDGE_CURVE('',#1236,#479,#1846,.T.);
#1848=ORIENTED_EDGE('',*,*,#1847,.F.);
#1849=ORIENTED_EDGE('',*,*,#1241,.T.);
#1850=ORIENTED_EDGE('',*,*,#1830,.T.);
#1851=ORIENTED_EDGE('',*,*,#490,.F.);
#1852=EDGE_LOOP('',(#1848,#1849,#1850,#1851));
#1853=FACE_BOUND('',#1852,.T.);
#1854=ADVANCED_FACE('',(#1853),#1842,.F.);
#1855=CARTESIAN_POINT('',(-53.125,113.,-10.649519053));
#1856=DIRECTION('',(-0.866025404,0.,-0.5));
#1857=DIRECTION('',(-0.5,0.,0.866025404));
#1858=AXIS2_PLACEMENT_3D('',#1855,#1856,#1857);
#1859=PLANE('',#1858);
#1860=CARTESIAN_POINT('',(-52.75,97.,-11.299038106));
#1861=DIRECTION('',(0.,-1.,0.));
#1862=VECTOR('',#1861,2.);
#1863=LINE('',#1860,#1862);
#1864=EDGE_CURVE('',#1244,#471,#1863,.T.);
#1865=ORIENTED_EDGE('',*,*,#1864,.F.);
#1866=ORIENTED_EDGE('',*,*,#1249,.T.);
#1867=ORIENTED_EDGE('',*,*,#1847,.T.);
#1868=ORIENTED_EDGE('',*,*,#484,.F.);
#1869=EDGE_LOOP('',(#1865,#1866,#1867,#1868));
#1870=FACE_BOUND('',#1869,.T.);
#1871=ADVANCED_FACE('',(#1870),#1859,.F.);
#1872=CARTESIAN_POINT('',(-52.,113.,-11.299038106));
#1873=DIRECTION('',(-0.,0.,-1.));
#1874=DIRECTION('',(-1.,0.,0.));
#1875=AXIS2_PLACEMENT_3D('',#1872,#1873,#1874);
#1876=PLANE('',#1875);
#1877=CARTESIAN_POINT('',(-51.25,97.,-11.299038106));
#1878=DIRECTION('',(0.,-1.,0.));
#1879=VECTOR('',#1878,2.);
#1880=LINE('',#1877,#1879);
#1881=EDGE_CURVE('',#1252,#463,#1880,.T.);
#1882=ORIENTED_EDGE('',*,*,#1881,.F.);
#1883=ORIENTED_EDGE('',*,*,#1257,.T.);
#1884=ORIENTED_EDGE('',*,*,#1864,.T.);
#1885=ORIENTED_EDGE('',*,*,#476,.F.);
#1886=EDGE_LOOP('',(#1882,#1883,#1884,#1885));
#1887=FACE_BOUND('',#1886,.T.);
#1888=ADVANCED_FACE('',(#1887),#1876,.F.);
#1889=CARTESIAN_POINT('',(-50.875,113.,-10.649519053));
#1890=DIRECTION('',(0.866025404,0.,-0.5));
#1891=DIRECTION('',(-0.5,0.,-0.866025404));
#1892=AXIS2_PLACEMENT_3D('',#1889,#1890,#1891);
#1893=PLANE('',#1892);
#1894=ORIENTED_EDGE('',*,*,#1815,.F.);
#1895=ORIENTED_EDGE('',*,*,#1263,.T.);
#1896=ORIENTED_EDGE('',*,*,#1881,.T.);
#1897=ORIENTED_EDGE('',*,*,#468,.F.);
#1898=EDGE_LOOP('',(#1894,#1895,#1896,#1897));
#1899=FACE_BOUND('',#1898,.T.);
#1900=ADVANCED_FACE('',(#1899),#1893,.F.);
#1901=CARTESIAN_POINT('',(52.,113.,-8.700961894));
#1902=DIRECTION('',(0.,0.,-1.));
#1903=DIRECTION('',(-1.,0.,-0.));
#1904=AXIS2_PLACEMENT_3D('',#1901,#1902,#1903);
#1905=PLANE('',#1904);
#1906=ORIENTED_EDGE('',*,*,#502,.T.);
#1907=CARTESIAN_POINT('',(51.25,97.,-8.700961894));
#1908=DIRECTION('',(0.,-1.,0.));
#1909=VECTOR('',#1908,2.);
#1910=LINE('',#1907,#1909);
#1911=EDGE_CURVE('',#1348,#497,#1910,.T.);
#1912=ORIENTED_EDGE('',*,*,#1911,.F.);
#1913=ORIENTED_EDGE('',*,*,#1353,.F.);
#1914=CARTESIAN_POINT('',(52.75,97.,-8.700961894));
#1915=DIRECTION('',(0.,-1.,0.));
#1916=VECTOR('',#1915,2.);
#1917=LINE('',#1914,#1916);
#1918=EDGE_CURVE('',#1340,#495,#1917,.T.);
#1919=ORIENTED_EDGE('',*,*,#1918,.T.);
#1920=EDGE_LOOP('',(#1906,#1912,#1913,#1919));
#1921=FACE_BOUND('',#1920,.T.);
#1922=ADVANCED_FACE('',(#1921),#1905,.T.);
#1923=CARTESIAN_POINT('',(50.875,113.,-9.350480947));
#1924=DIRECTION('',(0.866025404,0.,-0.5));
#1925=DIRECTION('',(-0.5,0.,-0.866025404));
#1926=AXIS2_PLACEMENT_3D('',#1923,#1924,#1925);
#1927=PLANE('',#1926);
#1928=ORIENTED_EDGE('',*,*,#540,.T.);
#1929=CARTESIAN_POINT('',(50.5,97.,-10.));
#1930=DIRECTION('',(0.,-1.,0.));
#1931=VECTOR('',#1930,2.);
#1932=LINE('',#1929,#1931);
#1933=EDGE_CURVE('',#1356,#529,#1932,.T.);
#1934=ORIENTED_EDGE('',*,*,#1933,.F.);
#1935=ORIENTED_EDGE('',*,*,#1361,.F.);
#1936=ORIENTED_EDGE('',*,*,#1911,.T.);
#1937=EDGE_LOOP('',(#1928,#1934,#1935,#1936));
#1938=FACE_BOUND('',#1937,.T.);
#1939=ADVANCED_FACE('',(#1938),#1927,.T.);
#1940=CARTESIAN_POINT('',(50.875,113.,-10.649519053));
#1941=DIRECTION('',(0.866025404,0.,0.5));
#1942=DIRECTION('',(0.5,0.,-0.866025404));
#1943=AXIS2_PLACEMENT_3D('',#1940,#1941,#1942);
#1944=PLANE('',#1943);
#1945=ORIENTED_EDGE('',*,*,#534,.T.);
#1946=CARTESIAN_POINT('',(51.25,97.,-11.299038106));
#1947=DIRECTION('',(0.,-1.,0.));
#1948=VECTOR('',#1947,2.);
#1949=LINE('',#1946,#1948);
#1950=EDGE_CURVE('',#1364,#521,#1949,.T.);
#1951=ORIENTED_EDGE('',*,*,#1950,.F.);
#1952=ORIENTED_EDGE('',*,*,#1369,.F.);
#1953=ORIENTED_EDGE('',*,*,#1933,.T.);
#1954=EDGE_LOOP('',(#1945,#1951,#1952,#1953));
#1955=FACE_BOUND('',#1954,.T.);
#1956=ADVANCED_FACE('',(#1955),#1944,.T.);
#1957=CARTESIAN_POINT('',(52.,113.,-11.299038106));
#1958=DIRECTION('',(-0.,0.,1.));
#1959=DIRECTION('',(1.,0.,0.));
#1960=AXIS2_PLACEMENT_3D('',#1957,#1958,#1959);
#1961=PLANE('',#1960);
#1962=ORIENTED_EDGE('',*,*,#526,.T.);
#1963=CARTESIAN_POINT('',(52.75,97.,-11.299038106));
#1964=DIRECTION('',(0.,-1.,0.));
#1965=VECTOR('',#1964,2.);
#1966=LINE('',#1963,#1965);
#1967=EDGE_CURVE('',#1372,#513,#1966,.T.);
#1968=ORIENTED_EDGE('',*,*,#1967,.F.);
#1969=ORIENTED_EDGE('',*,*,#1377,.F.);
#1970=ORIENTED_EDGE('',*,*,#1950,.T.);
#1971=EDGE_LOOP('',(#1962,#1968,#1969,#1970));
#1972=FACE_BOUND('',#1971,.T.);
#1973=ADVANCED_FACE('',(#1972),#1961,.T.);
#1974=CARTESIAN_POINT('',(53.125,113.,-10.649519053));
#1975=DIRECTION('',(-0.866025404,0.,0.5));
#1976=DIRECTION('',(0.5,0.,0.866025404));
#1977=AXIS2_PLACEMENT_3D('',#1974,#1975,#1976);
#1978=PLANE('',#1977);
#1979=ORIENTED_EDGE('',*,*,#518,.T.);
#1980=CARTESIAN_POINT('',(53.5,97.,-10.));
#1981=DIRECTION('',(0.,-1.,0.));
#1982=VECTOR('',#1981,2.);
#1983=LINE('',#1980,#1982);
#1984=EDGE_CURVE('',#1338,#505,#1983,.T.);
#1985=ORIENTED_EDGE('',*,*,#1984,.F.);
#1986=ORIENTED_EDGE('',*,*,#1383,.F.);
#1987=ORIENTED_EDGE('',*,*,#1967,.T.);
#1988=EDGE_LOOP('',(#1979,#1985,#1986,#1987));
#1989=FACE_BOUND('',#1988,.T.);
#1990=ADVANCED_FACE('',(#1989),#1978,.T.);
#1991=CARTESIAN_POINT('',(53.125,113.,-9.350480947));
#1992=DIRECTION('',(-0.866025404,0.,-0.5));
#1993=DIRECTION('',(-0.5,0.,0.866025404));
#1994=AXIS2_PLACEMENT_3D('',#1991,#1992,#1993);
#1995=PLANE('',#1994);
#1996=ORIENTED_EDGE('',*,*,#510,.T.);
#1997=ORIENTED_EDGE('',*,*,#1918,.F.);
#1998=ORIENTED_EDGE('',*,*,#1345,.F.);
#1999=ORIENTED_EDGE('',*,*,#1984,.T.);
#2000=EDGE_LOOP('',(#1996,#1997,#1998,#1999));
#2001=FACE_BOUND('',#2000,.T.);
#2002=ADVANCED_FACE('',(#2001),#1995,.T.);
#2003=CARTESIAN_POINT('',(-52.,113.,11.299038106));
#2004=DIRECTION('',(0.,0.,-1.));
#2005=DIRECTION('',(-1.,0.,-0.));
#2006=AXIS2_PLACEMENT_3D('',#2003,#2004,#2005);
#2007=PLANE('',#2006);
#2008=ORIENTED_EDGE('',*,*,#332,.T.);
#2009=CARTESIAN_POINT('',(-52.75,97.,11.299038106));
#2010=DIRECTION('',(0.,-1.,0.));
#2011=VECTOR('',#2010,2.);
#2012=LINE('',#2009,#2011);
#2013=EDGE_CURVE('',#1398,#327,#2012,.T.);
#2014=ORIENTED_EDGE('',*,*,#2013,.F.);
#2015=ORIENTED_EDGE('',*,*,#1403,.F.);
#2016=CARTESIAN_POINT('',(-51.25,97.,11.299038106));
#2017=DIRECTION('',(0.,-1.,0.));
#2018=VECTOR('',#2017,2.);
#2019=LINE('',#2016,#2018);
#2020=EDGE_CURVE('',#1390,#325,#2019,.T.);
#2021=ORIENTED_EDGE('',*,*,#2020,.T.);
#2022=EDGE_LOOP('',(#2008,#2014,#2015,#2021));
#2023=FACE_BOUND('',#2022,.T.);
#2024=ADVANCED_FACE('',(#2023),#2007,.T.);
#2025=CARTESIAN_POINT('',(-53.125,113.,10.649519053));
#2026=DIRECTION('',(0.866025404,0.,-0.5));
#2027=DIRECTION('',(-0.5,0.,-0.866025404));
#2028=AXIS2_PLACEMENT_3D('',#2025,#2026,#2027);
#2029=PLANE('',#2028);
#2030=ORIENTED_EDGE('',*,*,#370,.T.);
#2031=CARTESIAN_POINT('',(-53.5,97.,10.));
#2032=DIRECTION('',(0.,-1.,0.));
#2033=VECTOR('',#2032,2.);
#2034=LINE('',#2031,#2033);
#2035=EDGE_CURVE('',#1406,#359,#2034,.T.);
#2036=ORIENTED_EDGE('',*,*,#2035,.F.);
#2037=ORIENTED_EDGE('',*,*,#1411,.F.);
#2038=ORIENTED_EDGE('',*,*,#2013,.T.);
#2039=EDGE_LOOP('',(#2030,#2036,#2037,#2038));
#2040=FACE_BOUND('',#2039,.T.);
#2041=ADVANCED_FACE('',(#2040),#2029,.T.);
#2042=CARTESIAN_POINT('',(-53.125,113.,9.350480947));
#2043=DIRECTION('',(0.866025404,0.,0.5));
#2044=DIRECTION('',(0.5,0.,-0.866025404));
#2045=AXIS2_PLACEMENT_3D('',#2042,#2043,#2044);
#2046=PLANE('',#2045);
#2047=ORIENTED_EDGE('',*,*,#364,.T.);
#2048=CARTESIAN_POINT('',(-52.75,97.,8.700961894));
#2049=DIRECTION('',(0.,-1.,0.));
#2050=VECTOR('',#2049,2.);
#2051=LINE('',#2048,#2050);
#2052=EDGE_CURVE('',#1414,#351,#2051,.T.);
#2053=ORIENTED_EDGE('',*,*,#2052,.F.);
#2054=ORIENTED_EDGE('',*,*,#1419,.F.);
#2055=ORIENTED_EDGE('',*,*,#2035,.T.);
#2056=EDGE_LOOP('',(#2047,#2053,#2054,#2055));
#2057=FACE_BOUND('',#2056,.T.);
#2058=ADVANCED_FACE('',(#2057),#2046,.T.);
#2059=CARTESIAN_POINT('',(-52.,113.,8.700961894));
#2060=DIRECTION('',(-0.,0.,1.));
#2061=DIRECTION('',(1.,0.,0.));
#2062=AXIS2_PLACEMENT_3D('',#2059,#2060,#2061);
#2063=PLANE('',#2062);
#2064=ORIENTED_EDGE('',*,*,#356,.T.);
#2065=CARTESIAN_POINT('',(-51.25,97.,8.700961894));
#2066=DIRECTION('',(0.,-1.,0.));
#2067=VECTOR('',#2066,2.);
#2068=LINE('',#2065,#2067);
#2069=EDGE_CURVE('',#1422,#343,#2068,.T.);
#2070=ORIENTED_EDGE('',*,*,#2069,.F.);
#2071=ORIENTED_EDGE('',*,*,#1427,.F.);
#2072=ORIENTED_EDGE('',*,*,#2052,.T.);
#2073=EDGE_LOOP('',(#2064,#2070,#2071,#2072));
#2074=FACE_BOUND('',#2073,.T.);
#2075=ADVANCED_FACE('',(#2074),#2063,.T.);
#2076=CARTESIAN_POINT('',(-50.875,113.,9.350480947));
#2077=DIRECTION('',(-0.866025404,0.,0.5));
#2078=DIRECTION('',(0.5,0.,0.866025404));
#2079=AXIS2_PLACEMENT_3D('',#2076,#2077,#2078);
#2080=PLANE('',#2079);
#2081=ORIENTED_EDGE('',*,*,#348,.T.);
#2082=CARTESIAN_POINT('',(-50.5,97.,10.));
#2083=DIRECTION('',(0.,-1.,0.));
#2084=VECTOR('',#2083,2.);
#2085=LINE('',#2082,#2084);
#2086=EDGE_CURVE('',#1388,#335,#2085,.T.);
#2087=ORIENTED_EDGE('',*,*,#2086,.F.);
#2088=ORIENTED_EDGE('',*,*,#1433,.F.);
#2089=ORIENTED_EDGE('',*,*,#2069,.T.);
#2090=EDGE_LOOP('',(#2081,#2087,#2088,#2089));
#2091=FACE_BOUND('',#2090,.T.);
#2092=ADVANCED_FACE('',(#2091),#2080,.T.);
#2093=CARTESIAN_POINT('',(-50.875,113.,10.649519053));
#2094=DIRECTION('',(-0.866025404,0.,-0.5));
#2095=DIRECTION('',(-0.5,0.,0.866025404));
#2096=AXIS2_PLACEMENT_3D('',#2093,#2094,#2095);
#2097=PLANE('',#2096);
#2098=ORIENTED_EDGE('',*,*,#340,.T.);
#2099=ORIENTED_EDGE('',*,*,#2020,.F.);
#2100=ORIENTED_EDGE('',*,*,#1395,.F.);
#2101=ORIENTED_EDGE('',*,*,#2086,.T.);
#2102=EDGE_LOOP('',(#2098,#2099,#2100,#2101));
#2103=FACE_BOUND('',#2102,.T.);
#2104=ADVANCED_FACE('',(#2103),#2097,.T.);
#2105=CARTESIAN_POINT('',(53.125,113.,10.649519053));
#2106=DIRECTION('',(0.866025404,0.,0.5));
#2107=DIRECTION('',(0.5,0.,-0.866025404));
#2108=AXIS2_PLACEMENT_3D('',#2105,#2106,#2107);
#2109=PLANE('',#2108);
#2110=CARTESIAN_POINT('',(52.75,97.,11.299038106));
#2111=DIRECTION('',(0.,-1.,0.));
#2112=VECTOR('',#2111,2.);
#2113=LINE('',#2110,#2112);
#2114=EDGE_CURVE('',#1168,#547,#2113,.T.);
#2115=ORIENTED_EDGE('',*,*,#2114,.F.);
#2116=ORIENTED_EDGE('',*,*,#1175,.T.);
#2117=CARTESIAN_POINT('',(53.5,97.,10.));
#2118=DIRECTION('',(0.,-1.,0.));
#2119=VECTOR('',#2118,2.);
#2120=LINE('',#2117,#2119);
#2121=EDGE_CURVE('',#1170,#555,#2120,.T.);
#2122=ORIENTED_EDGE('',*,*,#2121,.T.);
#2123=ORIENTED_EDGE('',*,*,#560,.F.);
#2124=EDGE_LOOP('',(#2115,#2116,#2122,#2123));
#2125=FACE_BOUND('',#2124,.T.);
#2126=ADVANCED_FACE('',(#2125),#2109,.F.);
#2127=CARTESIAN_POINT('',(52.,113.,11.299038106));
#2128=DIRECTION('',(0.,0.,1.));
#2129=DIRECTION('',(1.,0.,-0.));
#2130=AXIS2_PLACEMENT_3D('',#2127,#2128,#2129);
#2131=PLANE('',#2130);
#2132=CARTESIAN_POINT('',(51.25,97.,11.299038106));
#2133=DIRECTION('',(0.,-1.,0.));
#2134=VECTOR('',#2133,2.);
#2135=LINE('',#2132,#2134);
#2136=EDGE_CURVE('',#1178,#545,#2135,.T.);
#2137=ORIENTED_EDGE('',*,*,#2136,.F.);
#2138=ORIENTED_EDGE('',*,*,#1183,.T.);
#2139=ORIENTED_EDGE('',*,*,#2114,.T.);
#2140=ORIENTED_EDGE('',*,*,#552,.F.);
#2141=EDGE_LOOP('',(#2137,#2138,#2139,#2140));
#2142=FACE_BOUND('',#2141,.T.);
#2143=ADVANCED_FACE('',(#2142),#2131,.F.);
#2144=CARTESIAN_POINT('',(50.875,113.,10.649519053));
#2145=DIRECTION('',(-0.866025404,0.,0.5));
#2146=DIRECTION('',(0.5,0.,0.866025404));
#2147=AXIS2_PLACEMENT_3D('',#2144,#2145,#2146);
#2148=PLANE('',#2147);
#2149=CARTESIAN_POINT('',(50.5,97.,10.));
#2150=DIRECTION('',(0.,-1.,0.));
#2151=VECTOR('',#2150,2.);
#2152=LINE('',#2149,#2151);
#2153=EDGE_CURVE('',#1186,#579,#2152,.T.);
#2154=ORIENTED_EDGE('',*,*,#2153,.F.);
#2155=ORIENTED_EDGE('',*,*,#1191,.T.);
#2156=ORIENTED_EDGE('',*,*,#2136,.T.);
#2157=ORIENTED_EDGE('',*,*,#590,.F.);
#2158=EDGE_LOOP('',(#2154,#2155,#2156,#2157));
#2159=FACE_BOUND('',#2158,.T.);
#2160=ADVANCED_FACE('',(#2159),#2148,.F.);
#2161=CARTESIAN_POINT('',(50.875,113.,9.350480947));
#2162=DIRECTION('',(-0.866025404,0.,-0.5));
#2163=DIRECTION('',(-0.5,0.,0.866025404));
#2164=AXIS2_PLACEMENT_3D('',#2161,#2162,#2163);
#2165=PLANE('',#2164);
#2166=CARTESIAN_POINT('',(51.25,97.,8.700961894));
#2167=DIRECTION('',(0.,-1.,0.));
#2168=VECTOR('',#2167,2.);
#2169=LINE('',#2166,#2168);
#2170=EDGE_CURVE('',#1194,#571,#2169,.T.);
#2171=ORIENTED_EDGE('',*,*,#2170,.F.);
#2172=ORIENTED_EDGE('',*,*,#1199,.T.);
#2173=ORIENTED_EDGE('',*,*,#2153,.T.);
#2174=ORIENTED_EDGE('',*,*,#584,.F.);
#2175=EDGE_LOOP('',(#2171,#2172,#2173,#2174));
#2176=FACE_BOUND('',#2175,.T.);
#2177=ADVANCED_FACE('',(#2176),#2165,.F.);
#2178=CARTESIAN_POINT('',(52.,113.,8.700961894));
#2179=DIRECTION('',(-0.,0.,-1.));
#2180=DIRECTION('',(-1.,0.,0.));
#2181=AXIS2_PLACEMENT_3D('',#2178,#2179,#2180);
#2182=PLANE('',#2181);
#2183=CARTESIAN_POINT('',(52.75,97.,8.700961894));
#2184=DIRECTION('',(0.,-1.,0.));
#2185=VECTOR('',#2184,2.);
#2186=LINE('',#2183,#2185);
#2187=EDGE_CURVE('',#1202,#563,#2186,.T.);
#2188=ORIENTED_EDGE('',*,*,#2187,.F.);
#2189=ORIENTED_EDGE('',*,*,#1207,.T.);
#2190=ORIENTED_EDGE('',*,*,#2170,.T.);
#2191=ORIENTED_EDGE('',*,*,#576,.F.);
#2192=EDGE_LOOP('',(#2188,#2189,#2190,#2191));
#2193=FACE_BOUND('',#2192,.T.);
#2194=ADVANCED_FACE('',(#2193),#2182,.F.);
#2195=CARTESIAN_POINT('',(53.125,113.,9.350480947));
#2196=DIRECTION('',(0.866025404,0.,-0.5));
#2197=DIRECTION('',(-0.5,0.,-0.866025404));
#2198=AXIS2_PLACEMENT_3D('',#2195,#2196,#2197);
#2199=PLANE('',#2198);
#2200=ORIENTED_EDGE('',*,*,#2121,.F.);
#2201=ORIENTED_EDGE('',*,*,#1213,.T.);
#2202=ORIENTED_EDGE('',*,*,#2187,.T.);
#2203=ORIENTED_EDGE('',*,*,#568,.F.);
#2204=EDGE_LOOP('',(#2200,#2201,#2202,#2203));
#2205=FACE_BOUND('',#2204,.T.);
#2206=ADVANCED_FACE('',(#2205),#2199,.F.);
#2207=CARTESIAN_POINT('',(-1.05,94.,-4.6));
#2208=DIRECTION('',(0.,0.,-1.));
#2209=DIRECTION('',(-1.,0.,0.));
#2210=AXIS2_PLACEMENT_3D('',#2207,#2208,#2209);
#2211=PLANE('',#2210);
#2212=CARTESIAN_POINT('',(3.1,95.,-4.6));
#2213=DIRECTION('',(0.,1.,0.));
#2214=VECTOR('',#2213,2.);
#2215=LINE('',#2212,#2214);
#2216=EDGE_CURVE('',#597,#1098,#2215,.T.);
#2217=ORIENTED_EDGE('',*,*,#2216,.T.);
#2218=ORIENTED_EDGE('',*,*,#1105,.T.);
#2219=CARTESIAN_POINT('',(-1.1,95.,-4.6));
#2220=DIRECTION('',(0.,1.,0.));
#2221=VECTOR('',#2220,2.);
#2222=LINE('',#2219,#2221);
#2223=EDGE_CURVE('',#606,#1100,#2222,.T.);
#2224=ORIENTED_EDGE('',*,*,#2223,.F.);
#2225=ORIENTED_EDGE('',*,*,#611,.F.);
#2226=EDGE_LOOP('',(#2217,#2218,#2224,#2225));
#2227=FACE_BOUND('',#2226,.T.);
#2228=ADVANCED_FACE('',(#2227),#2211,.F.);
#2229=CARTESIAN_POINT('',(-1.05,94.,-3.95));
#2230=DIRECTION('',(0.,1.,0.));
#2231=DIRECTION('',(0.,-0.,1.));
#2232=AXIS2_PLACEMENT_3D('',#2229,#2230,#2231);
#2233=CYLINDRICAL_SURFACE('',#2232,0.651920241);
#2234=ORIENTED_EDGE('',*,*,#2223,.T.);
#2235=ORIENTED_EDGE('',*,*,#1163,.T.);
#2236=CARTESIAN_POINT('',(-1.7,95.,-4.));
#2237=DIRECTION('',(0.,1.,0.));
#2238=VECTOR('',#2237,2.);
#2239=LINE('',#2236,#2238);
#2240=EDGE_CURVE('',#614,#1151,#2239,.T.);
#2241=ORIENTED_EDGE('',*,*,#2240,.F.);
#2242=ORIENTED_EDGE('',*,*,#620,.F.);
#2243=EDGE_LOOP('',(#2234,#2235,#2241,#2242));
#2244=FACE_BOUND('',#2243,.T.);
#2245=ADVANCED_FACE('',(#2244),#2233,.F.);
#2246=CARTESIAN_POINT('',(-1.7,94.,-0.));
#2247=DIRECTION('',(-1.,0.,0.));
#2248=DIRECTION('',(0.,0.,1.));
#2249=AXIS2_PLACEMENT_3D('',#2246,#2247,#2248);
#2250=PLANE('',#2249);
#2251=ORIENTED_EDGE('',*,*,#2240,.T.);
#2252=ORIENTED_EDGE('',*,*,#1156,.T.);
#2253=CARTESIAN_POINT('',(-1.7,95.,4.));
#2254=DIRECTION('',(0.,1.,0.));
#2255=VECTOR('',#2254,2.);
#2256=LINE('',#2253,#2255);
#2257=EDGE_CURVE('',#623,#1142,#2256,.T.);
#2258=ORIENTED_EDGE('',*,*,#2257,.F.);
#2259=ORIENTED_EDGE('',*,*,#628,.F.);
#2260=EDGE_LOOP('',(#2251,#2252,#2258,#2259));
#2261=FACE_BOUND('',#2260,.T.);
#2262=ADVANCED_FACE('',(#2261),#2250,.F.);
#2263=CARTESIAN_POINT('',(-1.05,94.,3.95));
#2264=DIRECTION('',(0.,1.,0.));
#2265=DIRECTION('',(0.,-0.,1.));
#2266=AXIS2_PLACEMENT_3D('',#2263,#2264,#2265);
#2267=CYLINDRICAL_SURFACE('',#2266,0.651920241);
#2268=ORIENTED_EDGE('',*,*,#2257,.T.);
#2269=ORIENTED_EDGE('',*,*,#1148,.T.);
#2270=CARTESIAN_POINT('',(-1.1,95.,4.6));
#2271=DIRECTION('',(0.,1.,0.));
#2272=VECTOR('',#2271,2.);
#2273=LINE('',#2270,#2272);
#2274=EDGE_CURVE('',#631,#1134,#2273,.T.);
#2275=ORIENTED_EDGE('',*,*,#2274,.F.);
#2276=ORIENTED_EDGE('',*,*,#637,.F.);
#2277=EDGE_LOOP('',(#2268,#2269,#2275,#2276));
#2278=FACE_BOUND('',#2277,.T.);
#2279=ADVANCED_FACE('',(#2278),#2267,.F.);
#2280=CARTESIAN_POINT('',(-1.05,94.,4.6));
#2281=DIRECTION('',(0.,0.,1.));
#2282=DIRECTION('',(1.,0.,0.));
#2283=AXIS2_PLACEMENT_3D('',#2280,#2281,#2282);
#2284=PLANE('',#2283);
#2285=ORIENTED_EDGE('',*,*,#2274,.T.);
#2286=ORIENTED_EDGE('',*,*,#1139,.T.);
#2287=CARTESIAN_POINT('',(3.1,95.,4.6));
#2288=DIRECTION('',(0.,1.,0.));
#2289=VECTOR('',#2288,2.);
#2290=LINE('',#2287,#2289);
#2291=EDGE_CURVE('',#640,#1125,#2290,.T.);
#2292=ORIENTED_EDGE('',*,*,#2291,.F.);
#2293=ORIENTED_EDGE('',*,*,#645,.F.);
#2294=EDGE_LOOP('',(#2285,#2286,#2292,#2293));
#2295=FACE_BOUND('',#2294,.T.);
#2296=ADVANCED_FACE('',(#2295),#2284,.F.);
#2297=CARTESIAN_POINT('',(3.05,94.,3.95));
#2298=DIRECTION('',(0.,1.,0.));
#2299=DIRECTION('',(0.,-0.,1.));
#2300=AXIS2_PLACEMENT_3D('',#2297,#2298,#2299);
#2301=CYLINDRICAL_SURFACE('',#2300,0.651920241);
#2302=ORIENTED_EDGE('',*,*,#2291,.T.);
#2303=ORIENTED_EDGE('',*,*,#1131,.T.);
#2304=CARTESIAN_POINT('',(3.7,95.,4.));
#2305=DIRECTION('',(0.,1.,0.));
#2306=VECTOR('',#2305,2.);
#2307=LINE('',#2304,#2306);
#2308=EDGE_CURVE('',#648,#1117,#2307,.T.);
#2309=ORIENTED_EDGE('',*,*,#2308,.F.);
#2310=ORIENTED_EDGE('',*,*,#654,.F.);
#2311=EDGE_LOOP('',(#2302,#2303,#2309,#2310));
#2312=FACE_BOUND('',#2311,.T.);
#2313=ADVANCED_FACE('',(#2312),#2301,.F.);
#2314=CARTESIAN_POINT('',(3.7,94.,0.));
#2315=DIRECTION('',(1.,0.,0.));
#2316=DIRECTION('',(0.,0.,-1.));
#2317=AXIS2_PLACEMENT_3D('',#2314,#2315,#2316);
#2318=PLANE('',#2317);
#2319=ORIENTED_EDGE('',*,*,#2308,.T.);
#2320=ORIENTED_EDGE('',*,*,#1122,.T.);
#2321=CARTESIAN_POINT('',(3.7,95.,-4.));
#2322=DIRECTION('',(0.,1.,0.));
#2323=VECTOR('',#2322,2.);
#2324=LINE('',#2321,#2323);
#2325=EDGE_CURVE('',#595,#1108,#2324,.T.);
#2326=ORIENTED_EDGE('',*,*,#2325,.F.);
#2327=ORIENTED_EDGE('',*,*,#660,.F.);
#2328=EDGE_LOOP('',(#2319,#2320,#2326,#2327));
#2329=FACE_BOUND('',#2328,.T.);
#2330=ADVANCED_FACE('',(#2329),#2318,.F.);
#2331=CARTESIAN_POINT('',(3.05,94.,-3.95));
#2332=DIRECTION('',(0.,1.,0.));
#2333=DIRECTION('',(0.,-0.,1.));
#2334=AXIS2_PLACEMENT_3D('',#2331,#2332,#2333);
#2335=CYLINDRICAL_SURFACE('',#2334,0.651920241);
#2336=ORIENTED_EDGE('',*,*,#2325,.T.);
#2337=ORIENTED_EDGE('',*,*,#1114,.T.);
#2338=ORIENTED_EDGE('',*,*,#2216,.F.);
#2339=ORIENTED_EDGE('',*,*,#603,.F.);
#2340=EDGE_LOOP('',(#2336,#2337,#2338,#2339));
#2341=FACE_BOUND('',#2340,.T.);
#2342=ADVANCED_FACE('',(#2341),#2335,.F.);
#2343=CARTESIAN_POINT('',(-23.,94.,-0.));
#2344=DIRECTION('',(1.,0.,0.));
#2345=DIRECTION('',(0.,0.,-1.));
#2346=AXIS2_PLACEMENT_3D('',#2343,#2344,#2345);
#2347=PLANE('',#2346);
#2348=ORIENTED_EDGE('',*,*,#672,.T.);
#2349=CARTESIAN_POINT('',(-23.,95.,-8.));
#2350=DIRECTION('',(0.,1.,0.));
#2351=VECTOR('',#2350,2.);
#2352=LINE('',#2349,#2351);
#2353=EDGE_CURVE('',#667,#1458,#2352,.T.);
#2354=ORIENTED_EDGE('',*,*,#2353,.T.);
#2355=ORIENTED_EDGE('',*,*,#1463,.F.);
#2356=CARTESIAN_POINT('',(-23.,95.,8.));
#2357=DIRECTION('',(0.,1.,0.));
#2358=VECTOR('',#2357,2.);
#2359=LINE('',#2356,#2358);
#2360=EDGE_CURVE('',#665,#1449,#2359,.T.);
#2361=ORIENTED_EDGE('',*,*,#2360,.F.);
#2362=EDGE_LOOP('',(#2348,#2354,#2355,#2361));
#2363=FACE_BOUND('',#2362,.T.);
#2364=ADVANCED_FACE('',(#2363),#2347,.T.);
#2365=CARTESIAN_POINT('',(-22.,94.,8.));
#2366=DIRECTION('',(0.,1.,0.));
#2367=DIRECTION('',(0.,-0.,1.));
#2368=AXIS2_PLACEMENT_3D('',#2365,#2366,#2367);
#2369=CYLINDRICAL_SURFACE('',#2368,1.);
#2370=CARTESIAN_POINT('',(-22.,97.,9.));
#2371=DIRECTION('',(-0.,-1.,-0.));
#2372=VECTOR('',#2371,2.);
#2373=LINE('',#2370,#2372);
#2374=EDGE_CURVE('',#1438,#675,#2373,.T.);
#2375=ORIENTED_EDGE('',*,*,#2374,.F.);
#2376=ORIENTED_EDGE('',*,*,#1446,.T.);
#2377=CARTESIAN_POINT('',(-21.,95.,8.));
#2378=DIRECTION('',(0.,1.,0.));
#2379=VECTOR('',#2378,2.);
#2380=LINE('',#2377,#2379);
#2381=EDGE_CURVE('',#684,#1440,#2380,.T.);
#2382=ORIENTED_EDGE('',*,*,#2381,.F.);
#2383=ORIENTED_EDGE('',*,*,#690,.F.);
#2384=EDGE_LOOP('',(#2375,#2376,#2382,#2383));
#2385=FACE_BOUND('',#2384,.T.);
#2386=ADVANCED_FACE('',(#2385),#2369,.F.);
#2387=CARTESIAN_POINT('',(-21.,94.,-0.));
#2388=DIRECTION('',(-1.,0.,-0.));
#2389=DIRECTION('',(-0.,0.,1.));
#2390=AXIS2_PLACEMENT_3D('',#2387,#2388,#2389);
#2391=PLANE('',#2390);
#2392=ORIENTED_EDGE('',*,*,#698,.T.);
#2393=ORIENTED_EDGE('',*,*,#2381,.T.);
#2394=ORIENTED_EDGE('',*,*,#1478,.F.);
#2395=CARTESIAN_POINT('',(-21.,95.,-8.));
#2396=DIRECTION('',(0.,1.,0.));
#2397=VECTOR('',#2396,2.);
#2398=LINE('',#2395,#2397);
#2399=EDGE_CURVE('',#693,#1466,#2398,.T.);
#2400=ORIENTED_EDGE('',*,*,#2399,.F.);
#2401=EDGE_LOOP('',(#2392,#2393,#2394,#2400));
#2402=FACE_BOUND('',#2401,.T.);
#2403=ADVANCED_FACE('',(#2402),#2391,.T.);
#2404=CARTESIAN_POINT('',(-22.,94.,-8.));
#2405=DIRECTION('',(0.,1.,0.));
#2406=DIRECTION('',(0.,-0.,1.));
#2407=AXIS2_PLACEMENT_3D('',#2404,#2405,#2406);
#2408=CYLINDRICAL_SURFACE('',#2407,1.);
#2409=ORIENTED_EDGE('',*,*,#2399,.T.);
#2410=ORIENTED_EDGE('',*,*,#1472,.T.);
#2411=ORIENTED_EDGE('',*,*,#2353,.F.);
#2412=ORIENTED_EDGE('',*,*,#705,.F.);
#2413=EDGE_LOOP('',(#2409,#2410,#2411,#2412));
#2414=FACE_BOUND('',#2413,.T.);
#2415=ADVANCED_FACE('',(#2414),#2408,.F.);
#2416=CARTESIAN_POINT('',(-31.,94.,-0.));
#2417=DIRECTION('',(1.,0.,0.));
#2418=DIRECTION('',(0.,0.,-1.));
#2419=AXIS2_PLACEMENT_3D('',#2416,#2417,#2418);
#2420=PLANE('',#2419);
#2421=ORIENTED_EDGE('',*,*,#287,.T.);
#2422=CARTESIAN_POINT('',(-31.,95.,-8.));
#2423=DIRECTION('',(0.,1.,0.));
#2424=VECTOR('',#2423,2.);
#2425=LINE('',#2422,#2424);
#2426=EDGE_CURVE('',#282,#1503,#2425,.T.);
#2427=ORIENTED_EDGE('',*,*,#2426,.T.);
#2428=ORIENTED_EDGE('',*,*,#1508,.F.);
#2429=CARTESIAN_POINT('',(-31.,95.,8.));
#2430=DIRECTION('',(0.,1.,0.));
#2431=VECTOR('',#2430,2.);
#2432=LINE('',#2429,#2431);
#2433=EDGE_CURVE('',#280,#1494,#2432,.T.);
#2434=ORIENTED_EDGE('',*,*,#2433,.F.);
#2435=EDGE_LOOP('',(#2421,#2427,#2428,#2434));
#2436=FACE_BOUND('',#2435,.T.);
#2437=ADVANCED_FACE('',(#2436),#2420,.T.);
#2438=CARTESIAN_POINT('',(-30.,94.,8.));
#2439=DIRECTION('',(0.,1.,0.));
#2440=DIRECTION('',(0.,-0.,1.));
#2441=AXIS2_PLACEMENT_3D('',#2438,#2439,#2440);
#2442=CYLINDRICAL_SURFACE('',#2441,1.);
#2443=CARTESIAN_POINT('',(-30.,97.,9.));
#2444=DIRECTION('',(-0.,-1.,-0.));
#2445=VECTOR('',#2444,2.);
#2446=LINE('',#2443,#2445);
#2447=EDGE_CURVE('',#1483,#290,#2446,.T.);
#2448=ORIENTED_EDGE('',*,*,#2447,.F.);
#2449=ORIENTED_EDGE('',*,*,#1491,.T.);
#2450=CARTESIAN_POINT('',(-29.,95.,8.));
#2451=DIRECTION('',(0.,1.,0.));
#2452=VECTOR('',#2451,2.);
#2453=LINE('',#2450,#2452);
#2454=EDGE_CURVE('',#299,#1485,#2453,.T.);
#2455=ORIENTED_EDGE('',*,*,#2454,.F.);
#2456=ORIENTED_EDGE('',*,*,#305,.F.);
#2457=EDGE_LOOP('',(#2448,#2449,#2455,#2456));
#2458=FACE_BOUND('',#2457,.T.);
#2459=ADVANCED_FACE('',(#2458),#2442,.F.);
#2460=CARTESIAN_POINT('',(-29.,94.,-0.));
#2461=DIRECTION('',(-1.,0.,-0.));
#2462=DIRECTION('',(-0.,0.,1.));
#2463=AXIS2_PLACEMENT_3D('',#2460,#2461,#2462);
#2464=PLANE('',#2463);
#2465=ORIENTED_EDGE('',*,*,#313,.T.);
#2466=ORIENTED_EDGE('',*,*,#2454,.T.);
#2467=ORIENTED_EDGE('',*,*,#1523,.F.);
#2468=CARTESIAN_POINT('',(-29.,95.,-8.));
#2469=DIRECTION('',(0.,1.,0.));
#2470=VECTOR('',#2469,2.);
#2471=LINE('',#2468,#2470);
#2472=EDGE_CURVE('',#308,#1511,#2471,.T.);
#2473=ORIENTED_EDGE('',*,*,#2472,.F.);
#2474=EDGE_LOOP('',(#2465,#2466,#2467,#2473));
#2475=FACE_BOUND('',#2474,.T.);
#2476=ADVANCED_FACE('',(#2475),#2464,.T.);
#2477=CARTESIAN_POINT('',(-30.,94.,-8.));
#2478=DIRECTION('',(0.,1.,0.));
#2479=DIRECTION('',(0.,-0.,1.));
#2480=AXIS2_PLACEMENT_3D('',#2477,#2478,#2479);
#2481=CYLINDRICAL_SURFACE('',#2480,1.);
#2482=ORIENTED_EDGE('',*,*,#2472,.T.);
#2483=ORIENTED_EDGE('',*,*,#1517,.T.);
#2484=ORIENTED_EDGE('',*,*,#2426,.F.);
#2485=ORIENTED_EDGE('',*,*,#320,.F.);
#2486=EDGE_LOOP('',(#2482,#2483,#2484,#2485));
#2487=FACE_BOUND('',#2486,.T.);
#2488=ADVANCED_FACE('',(#2487),#2481,.F.);
#2489=CARTESIAN_POINT('',(-27.,94.,-0.));
#2490=DIRECTION('',(1.,0.,0.));
#2491=DIRECTION('',(0.,0.,-1.));
#2492=AXIS2_PLACEMENT_3D('',#2489,#2490,#2491);
#2493=PLANE('',#2492);
#2494=ORIENTED_EDGE('',*,*,#717,.T.);
#2495=CARTESIAN_POINT('',(-27.,95.,-8.));
#2496=DIRECTION('',(0.,1.,0.));
#2497=VECTOR('',#2496,2.);
#2498=LINE('',#2495,#2497);
#2499=EDGE_CURVE('',#712,#1548,#2498,.T.);
#2500=ORIENTED_EDGE('',*,*,#2499,.T.);
#2501=ORIENTED_EDGE('',*,*,#1553,.F.);
#2502=CARTESIAN_POINT('',(-27.,95.,8.));
#2503=DIRECTION('',(0.,1.,0.));
#2504=VECTOR('',#2503,2.);
#2505=LINE('',#2502,#2504);
#2506=EDGE_CURVE('',#710,#1539,#2505,.T.);
#2507=ORIENTED_EDGE('',*,*,#2506,.F.);
#2508=EDGE_LOOP('',(#2494,#2500,#2501,#2507));
#2509=FACE_BOUND('',#2508,.T.);
#2510=ADVANCED_FACE('',(#2509),#2493,.T.);
#2511=CARTESIAN_POINT('',(-26.,94.,8.));
#2512=DIRECTION('',(0.,1.,0.));
#2513=DIRECTION('',(0.,-0.,1.));
#2514=AXIS2_PLACEMENT_3D('',#2511,#2512,#2513);
#2515=CYLINDRICAL_SURFACE('',#2514,1.);
#2516=CARTESIAN_POINT('',(-26.,97.,9.));
#2517=DIRECTION('',(-0.,-1.,-0.));
#2518=VECTOR('',#2517,2.);
#2519=LINE('',#2516,#2518);
#2520=EDGE_CURVE('',#1528,#720,#2519,.T.);
#2521=ORIENTED_EDGE('',*,*,#2520,.F.);
#2522=ORIENTED_EDGE('',*,*,#1536,.T.);
#2523=CARTESIAN_POINT('',(-25.,95.,8.));
#2524=DIRECTION('',(0.,1.,0.));
#2525=VECTOR('',#2524,2.);
#2526=LINE('',#2523,#2525);
#2527=EDGE_CURVE('',#729,#1530,#2526,.T.);
#2528=ORIENTED_EDGE('',*,*,#2527,.F.);
#2529=ORIENTED_EDGE('',*,*,#735,.F.);
#2530=EDGE_LOOP('',(#2521,#2522,#2528,#2529));
#2531=FACE_BOUND('',#2530,.T.);
#2532=ADVANCED_FACE('',(#2531),#2515,.F.);
#2533=CARTESIAN_POINT('',(-25.,94.,-0.));
#2534=DIRECTION('',(-1.,0.,-0.));
#2535=DIRECTION('',(-0.,0.,1.));
#2536=AXIS2_PLACEMENT_3D('',#2533,#2534,#2535);
#2537=PLANE('',#2536);
#2538=ORIENTED_EDGE('',*,*,#743,.T.);
#2539=ORIENTED_EDGE('',*,*,#2527,.T.);
#2540=ORIENTED_EDGE('',*,*,#1568,.F.);
#2541=CARTESIAN_POINT('',(-25.,95.,-8.));
#2542=DIRECTION('',(0.,1.,0.));
#2543=VECTOR('',#2542,2.);
#2544=LINE('',#2541,#2543);
#2545=EDGE_CURVE('',#738,#1556,#2544,.T.);
#2546=ORIENTED_EDGE('',*,*,#2545,.F.);
#2547=EDGE_LOOP('',(#2538,#2539,#2540,#2546));
#2548=FACE_BOUND('',#2547,.T.);
#2549=ADVANCED_FACE('',(#2548),#2537,.T.);
#2550=CARTESIAN_POINT('',(-26.,94.,-8.));
#2551=DIRECTION('',(0.,1.,0.));
#2552=DIRECTION('',(0.,-0.,1.));
#2553=AXIS2_PLACEMENT_3D('',#2550,#2551,#2552);
#2554=CYLINDRICAL_SURFACE('',#2553,1.);
#2555=ORIENTED_EDGE('',*,*,#2545,.T.);
#2556=ORIENTED_EDGE('',*,*,#1562,.T.);
#2557=ORIENTED_EDGE('',*,*,#2499,.F.);
#2558=ORIENTED_EDGE('',*,*,#750,.F.);
#2559=EDGE_LOOP('',(#2555,#2556,#2557,#2558));
#2560=FACE_BOUND('',#2559,.T.);
#2561=ADVANCED_FACE('',(#2560),#2554,.F.);
#2562=CARTESIAN_POINT('',(26.,94.,-8.));
#2563=DIRECTION('',(0.,1.,0.));
#2564=DIRECTION('',(0.,-0.,1.));
#2565=AXIS2_PLACEMENT_3D('',#2562,#2563,#2564);
#2566=CYLINDRICAL_SURFACE('',#2565,1.);
#2567=CARTESIAN_POINT('',(27.,95.,-8.));
#2568=DIRECTION('',(0.,1.,0.));
#2569=VECTOR('',#2568,2.);
#2570=LINE('',#2567,#2569);
#2571=EDGE_CURVE('',#237,#1053,#2570,.T.);
#2572=ORIENTED_EDGE('',*,*,#2571,.T.);
#2573=ORIENTED_EDGE('',*,*,#1061,.T.);
#2574=CARTESIAN_POINT('',(25.,95.,-8.));
#2575=DIRECTION('',(0.,1.,0.));
#2576=VECTOR('',#2575,2.);
#2577=LINE('',#2574,#2576);
#2578=EDGE_CURVE('',#245,#1055,#2577,.T.);
#2579=ORIENTED_EDGE('',*,*,#2578,.F.);
#2580=ORIENTED_EDGE('',*,*,#251,.F.);
#2581=EDGE_LOOP('',(#2572,#2573,#2579,#2580));
#2582=FACE_BOUND('',#2581,.T.);
#2583=ADVANCED_FACE('',(#2582),#2566,.F.);
#2584=CARTESIAN_POINT('',(25.,94.,0.));
#2585=DIRECTION('',(-1.,0.,0.));
#2586=DIRECTION('',(0.,0.,1.));
#2587=AXIS2_PLACEMENT_3D('',#2584,#2585,#2586);
#2588=PLANE('',#2587);
#2589=ORIENTED_EDGE('',*,*,#2578,.T.);
#2590=ORIENTED_EDGE('',*,*,#1093,.T.);
#2591=CARTESIAN_POINT('',(25.,95.,8.));
#2592=DIRECTION('',(0.,1.,0.));
#2593=VECTOR('',#2592,2.);
#2594=LINE('',#2591,#2593);
#2595=EDGE_CURVE('',#254,#1081,#2594,.T.);
#2596=ORIENTED_EDGE('',*,*,#2595,.F.);
#2597=ORIENTED_EDGE('',*,*,#259,.F.);
#2598=EDGE_LOOP('',(#2589,#2590,#2596,#2597));
#2599=FACE_BOUND('',#2598,.T.);
#2600=ADVANCED_FACE('',(#2599),#2588,.F.);
#2601=CARTESIAN_POINT('',(26.,94.,8.));
#2602=DIRECTION('',(0.,1.,0.));
#2603=DIRECTION('',(0.,-0.,1.));
#2604=AXIS2_PLACEMENT_3D('',#2601,#2602,#2603);
#2605=CYLINDRICAL_SURFACE('',#2604,1.);
#2606=CARTESIAN_POINT('',(26.,97.,9.));
#2607=DIRECTION('',(-0.,-1.,-0.));
#2608=VECTOR('',#2607,2.);
#2609=LINE('',#2606,#2608);
#2610=EDGE_CURVE('',#1072,#262,#2609,.T.);
#2611=ORIENTED_EDGE('',*,*,#2610,.F.);
#2612=ORIENTED_EDGE('',*,*,#1078,.T.);
#2613=CARTESIAN_POINT('',(27.,95.,8.));
#2614=DIRECTION('',(0.,1.,0.));
#2615=VECTOR('',#2614,2.);
#2616=LINE('',#2613,#2615);
#2617=EDGE_CURVE('',#235,#1064,#2616,.T.);
#2618=ORIENTED_EDGE('',*,*,#2617,.F.);
#2619=ORIENTED_EDGE('',*,*,#275,.F.);
#2620=EDGE_LOOP('',(#2611,#2612,#2618,#2619));
#2621=FACE_BOUND('',#2620,.T.);
#2622=ADVANCED_FACE('',(#2621),#2605,.F.);
#2623=CARTESIAN_POINT('',(27.,94.,0.));
#2624=DIRECTION('',(1.,0.,0.));
#2625=DIRECTION('',(0.,0.,-1.));
#2626=AXIS2_PLACEMENT_3D('',#2623,#2624,#2625);
#2627=PLANE('',#2626);
#2628=ORIENTED_EDGE('',*,*,#2617,.T.);
#2629=ORIENTED_EDGE('',*,*,#1069,.T.);
#2630=ORIENTED_EDGE('',*,*,#2571,.F.);
#2631=ORIENTED_EDGE('',*,*,#242,.F.);
#2632=EDGE_LOOP('',(#2628,#2629,#2630,#2631));
#2633=FACE_BOUND('',#2632,.T.);
#2634=ADVANCED_FACE('',(#2633),#2627,.F.);
#2635=CARTESIAN_POINT('',(-35.,94.,-0.));
#2636=DIRECTION('',(1.,0.,0.));
#2637=DIRECTION('',(0.,0.,-1.));
#2638=AXIS2_PLACEMENT_3D('',#2635,#2636,#2637);
#2639=PLANE('',#2638);
#2640=ORIENTED_EDGE('',*,*,#197,.T.);
#2641=CARTESIAN_POINT('',(-35.,95.,-8.));
#2642=DIRECTION('',(0.,1.,0.));
#2643=VECTOR('',#2642,2.);
#2644=LINE('',#2641,#2643);
#2645=EDGE_CURVE('',#192,#1593,#2644,.T.);
#2646=ORIENTED_EDGE('',*,*,#2645,.T.);
#2647=ORIENTED_EDGE('',*,*,#1598,.F.);
#2648=CARTESIAN_POINT('',(-35.,95.,8.));
#2649=DIRECTION('',(0.,1.,0.));
#2650=VECTOR('',#2649,2.);
#2651=LINE('',#2648,#2650);
#2652=EDGE_CURVE('',#190,#1584,#2651,.T.);
#2653=ORIENTED_EDGE('',*,*,#2652,.F.);
#2654=EDGE_LOOP('',(#2640,#2646,#2647,#2653));
#2655=FACE_BOUND('',#2654,.T.);
#2656=ADVANCED_FACE('',(#2655),#2639,.T.);
#2657=CARTESIAN_POINT('',(-34.,94.,8.));
#2658=DIRECTION('',(0.,1.,0.));
#2659=DIRECTION('',(0.,-0.,1.));
#2660=AXIS2_PLACEMENT_3D('',#2657,#2658,#2659);
#2661=CYLINDRICAL_SURFACE('',#2660,1.);
#2662=CARTESIAN_POINT('',(-34.,97.,9.));
#2663=DIRECTION('',(-0.,-1.,-0.));
#2664=VECTOR('',#2663,2.);
#2665=LINE('',#2662,#2664);
#2666=EDGE_CURVE('',#1573,#200,#2665,.T.);
#2667=ORIENTED_EDGE('',*,*,#2666,.F.);
#2668=ORIENTED_EDGE('',*,*,#1581,.T.);
#2669=CARTESIAN_POINT('',(-33.,95.,8.));
#2670=DIRECTION('',(0.,1.,0.));
#2671=VECTOR('',#2670,2.);
#2672=LINE('',#2669,#2671);
#2673=EDGE_CURVE('',#209,#1575,#2672,.T.);
#2674=ORIENTED_EDGE('',*,*,#2673,.F.);
#2675=ORIENTED_EDGE('',*,*,#215,.F.);
#2676=EDGE_LOOP('',(#2667,#2668,#2674,#2675));
#2677=FACE_BOUND('',#2676,.T.);
#2678=ADVANCED_FACE('',(#2677),#2661,.F.);
#2679=CARTESIAN_POINT('',(-33.,94.,-0.));
#2680=DIRECTION('',(-1.,0.,-0.));
#2681=DIRECTION('',(-0.,0.,1.));
#2682=AXIS2_PLACEMENT_3D('',#2679,#2680,#2681);
#2683=PLANE('',#2682);
#2684=ORIENTED_EDGE('',*,*,#223,.T.);
#2685=ORIENTED_EDGE('',*,*,#2673,.T.);
#2686=ORIENTED_EDGE('',*,*,#1613,.F.);
#2687=CARTESIAN_POINT('',(-33.,95.,-8.));
#2688=DIRECTION('',(0.,1.,0.));
#2689=VECTOR('',#2688,2.);
#2690=LINE('',#2687,#2689);
#2691=EDGE_CURVE('',#218,#1601,#2690,.T.);
#2692=ORIENTED_EDGE('',*,*,#2691,.F.);
#2693=EDGE_LOOP('',(#2684,#2685,#2686,#2692));
#2694=FACE_BOUND('',#2693,.T.);
#2695=ADVANCED_FACE('',(#2694),#2683,.T.);
#2696=CARTESIAN_POINT('',(-34.,94.,-8.));
#2697=DIRECTION('',(0.,1.,0.));
#2698=DIRECTION('',(0.,-0.,1.));
#2699=AXIS2_PLACEMENT_3D('',#2696,#2697,#2698);
#2700=CYLINDRICAL_SURFACE('',#2699,1.);
#2701=ORIENTED_EDGE('',*,*,#2691,.T.);
#2702=ORIENTED_EDGE('',*,*,#1607,.T.);
#2703=ORIENTED_EDGE('',*,*,#2645,.F.);
#2704=ORIENTED_EDGE('',*,*,#230,.F.);
#2705=EDGE_LOOP('',(#2701,#2702,#2703,#2704));
#2706=FACE_BOUND('',#2705,.T.);
#2707=ADVANCED_FACE('',(#2706),#2700,.F.);
#2708=CARTESIAN_POINT('',(30.,94.,-8.));
#2709=DIRECTION('',(0.,1.,0.));
#2710=DIRECTION('',(0.,-0.,1.));
#2711=AXIS2_PLACEMENT_3D('',#2708,#2709,#2710);
#2712=CYLINDRICAL_SURFACE('',#2711,1.);
#2713=CARTESIAN_POINT('',(31.,95.,-8.));
#2714=DIRECTION('',(0.,1.,0.));
#2715=VECTOR('',#2714,2.);
#2716=LINE('',#2713,#2715);
#2717=EDGE_CURVE('',#757,#1008,#2716,.T.);
#2718=ORIENTED_EDGE('',*,*,#2717,.T.);
#2719=ORIENTED_EDGE('',*,*,#1016,.T.);
#2720=CARTESIAN_POINT('',(29.,95.,-8.));
#2721=DIRECTION('',(0.,1.,0.));
#2722=VECTOR('',#2721,2.);
#2723=LINE('',#2720,#2722);
#2724=EDGE_CURVE('',#765,#1010,#2723,.T.);
#2725=ORIENTED_EDGE('',*,*,#2724,.F.);
#2726=ORIENTED_EDGE('',*,*,#771,.F.);
#2727=EDGE_LOOP('',(#2718,#2719,#2725,#2726));
#2728=FACE_BOUND('',#2727,.T.);
#2729=ADVANCED_FACE('',(#2728),#2712,.F.);
#2730=CARTESIAN_POINT('',(29.,94.,0.));
#2731=DIRECTION('',(-1.,0.,0.));
#2732=DIRECTION('',(0.,0.,1.));
#2733=AXIS2_PLACEMENT_3D('',#2730,#2731,#2732);
#2734=PLANE('',#2733);
#2735=ORIENTED_EDGE('',*,*,#2724,.T.);
#2736=ORIENTED_EDGE('',*,*,#1048,.T.);
#2737=CARTESIAN_POINT('',(29.,95.,8.));
#2738=DIRECTION('',(0.,1.,0.));
#2739=VECTOR('',#2738,2.);
#2740=LINE('',#2737,#2739);
#2741=EDGE_CURVE('',#774,#1036,#2740,.T.);
#2742=ORIENTED_EDGE('',*,*,#2741,.F.);
#2743=ORIENTED_EDGE('',*,*,#779,.F.);
#2744=EDGE_LOOP('',(#2735,#2736,#2742,#2743));
#2745=FACE_BOUND('',#2744,.T.);
#2746=ADVANCED_FACE('',(#2745),#2734,.F.);
#2747=CARTESIAN_POINT('',(30.,94.,8.));
#2748=DIRECTION('',(0.,1.,0.));
#2749=DIRECTION('',(0.,-0.,1.));
#2750=AXIS2_PLACEMENT_3D('',#2747,#2748,#2749);
#2751=CYLINDRICAL_SURFACE('',#2750,1.);
#2752=CARTESIAN_POINT('',(30.,97.,9.));
#2753=DIRECTION('',(-0.,-1.,-0.));
#2754=VECTOR('',#2753,2.);
#2755=LINE('',#2752,#2754);
#2756=EDGE_CURVE('',#1027,#782,#2755,.T.);
#2757=ORIENTED_EDGE('',*,*,#2756,.F.);
#2758=ORIENTED_EDGE('',*,*,#1033,.T.);
#2759=CARTESIAN_POINT('',(31.,95.,8.));
#2760=DIRECTION('',(0.,1.,0.));
#2761=VECTOR('',#2760,2.);
#2762=LINE('',#2759,#2761);
#2763=EDGE_CURVE('',#755,#1019,#2762,.T.);
#2764=ORIENTED_EDGE('',*,*,#2763,.F.);
#2765=ORIENTED_EDGE('',*,*,#795,.F.);
#2766=EDGE_LOOP('',(#2757,#2758,#2764,#2765));
#2767=FACE_BOUND('',#2766,.T.);
#2768=ADVANCED_FACE('',(#2767),#2751,.F.);
#2769=CARTESIAN_POINT('',(31.,94.,0.));
#2770=DIRECTION('',(1.,0.,0.));
#2771=DIRECTION('',(0.,0.,-1.));
#2772=AXIS2_PLACEMENT_3D('',#2769,#2770,#2771);
#2773=PLANE('',#2772);
#2774=ORIENTED_EDGE('',*,*,#2763,.T.);
#2775=ORIENTED_EDGE('',*,*,#1024,.T.);
#2776=ORIENTED_EDGE('',*,*,#2717,.F.);
#2777=ORIENTED_EDGE('',*,*,#762,.F.);
#2778=EDGE_LOOP('',(#2774,#2775,#2776,#2777));
#2779=FACE_BOUND('',#2778,.T.);
#2780=ADVANCED_FACE('',(#2779),#2773,.F.);
#2781=CARTESIAN_POINT('',(-39.,94.,-0.));
#2782=DIRECTION('',(1.,0.,0.));
#2783=DIRECTION('',(0.,0.,-1.));
#2784=AXIS2_PLACEMENT_3D('',#2781,#2782,#2783);
#2785=PLANE('',#2784);
#2786=ORIENTED_EDGE('',*,*,#807,.T.);
#2787=CARTESIAN_POINT('',(-39.,95.,-8.));
#2788=DIRECTION('',(0.,1.,0.));
#2789=VECTOR('',#2788,2.);
#2790=LINE('',#2787,#2789);
#2791=EDGE_CURVE('',#802,#1638,#2790,.T.);
#2792=ORIENTED_EDGE('',*,*,#2791,.T.);
#2793=ORIENTED_EDGE('',*,*,#1643,.F.);
#2794=CARTESIAN_POINT('',(-39.,95.,8.));
#2795=DIRECTION('',(0.,1.,0.));
#2796=VECTOR('',#2795,2.);
#2797=LINE('',#2794,#2796);
#2798=EDGE_CURVE('',#800,#1629,#2797,.T.);
#2799=ORIENTED_EDGE('',*,*,#2798,.F.);
#2800=EDGE_LOOP('',(#2786,#2792,#2793,#2799));
#2801=FACE_BOUND('',#2800,.T.);
#2802=ADVANCED_FACE('',(#2801),#2785,.T.);
#2803=CARTESIAN_POINT('',(-38.,94.,8.));
#2804=DIRECTION('',(0.,1.,0.));
#2805=DIRECTION('',(0.,-0.,1.));
#2806=AXIS2_PLACEMENT_3D('',#2803,#2804,#2805);
#2807=CYLINDRICAL_SURFACE('',#2806,1.);
#2808=CARTESIAN_POINT('',(-38.,97.,9.));
#2809=DIRECTION('',(-0.,-1.,-0.));
#2810=VECTOR('',#2809,2.);
#2811=LINE('',#2808,#2810);
#2812=EDGE_CURVE('',#1618,#810,#2811,.T.);
#2813=ORIENTED_EDGE('',*,*,#2812,.F.);
#2814=ORIENTED_EDGE('',*,*,#1626,.T.);
#2815=CARTESIAN_POINT('',(-37.,95.,8.));
#2816=DIRECTION('',(0.,1.,0.));
#2817=VECTOR('',#2816,2.);
#2818=LINE('',#2815,#2817);
#2819=EDGE_CURVE('',#819,#1620,#2818,.T.);
#2820=ORIENTED_EDGE('',*,*,#2819,.F.);
#2821=ORIENTED_EDGE('',*,*,#825,.F.);
#2822=EDGE_LOOP('',(#2813,#2814,#2820,#2821));
#2823=FACE_BOUND('',#2822,.T.);
#2824=ADVANCED_FACE('',(#2823),#2807,.F.);
#2825=CARTESIAN_POINT('',(-37.,94.,-0.));
#2826=DIRECTION('',(-1.,0.,-0.));
#2827=DIRECTION('',(-0.,0.,1.));
#2828=AXIS2_PLACEMENT_3D('',#2825,#2826,#2827);
#2829=PLANE('',#2828);
#2830=ORIENTED_EDGE('',*,*,#833,.T.);
#2831=ORIENTED_EDGE('',*,*,#2819,.T.);
#2832=ORIENTED_EDGE('',*,*,#1658,.F.);
#2833=CARTESIAN_POINT('',(-37.,95.,-8.));
#2834=DIRECTION('',(0.,1.,0.));
#2835=VECTOR('',#2834,2.);
#2836=LINE('',#2833,#2835);
#2837=EDGE_CURVE('',#828,#1646,#2836,.T.);
#2838=ORIENTED_EDGE('',*,*,#2837,.F.);
#2839=EDGE_LOOP('',(#2830,#2831,#2832,#2838));
#2840=FACE_BOUND('',#2839,.T.);
#2841=ADVANCED_FACE('',(#2840),#2829,.T.);
#2842=CARTESIAN_POINT('',(-38.,94.,-8.));
#2843=DIRECTION('',(0.,1.,0.));
#2844=DIRECTION('',(0.,-0.,1.));
#2845=AXIS2_PLACEMENT_3D('',#2842,#2843,#2844);
#2846=CYLINDRICAL_SURFACE('',#2845,1.);
#2847=ORIENTED_EDGE('',*,*,#2837,.T.);
#2848=ORIENTED_EDGE('',*,*,#1652,.T.);
#2849=ORIENTED_EDGE('',*,*,#2791,.F.);
#2850=ORIENTED_EDGE('',*,*,#840,.F.);
#2851=EDGE_LOOP('',(#2847,#2848,#2849,#2850));
#2852=FACE_BOUND('',#2851,.T.);
#2853=ADVANCED_FACE('',(#2852),#2846,.F.);
#2854=CARTESIAN_POINT('',(22.,94.,-8.));
#2855=DIRECTION('',(0.,1.,0.));
#2856=DIRECTION('',(0.,-0.,1.));
#2857=AXIS2_PLACEMENT_3D('',#2854,#2855,#2856);
#2858=CYLINDRICAL_SURFACE('',#2857,1.);
#2859=CARTESIAN_POINT('',(23.,95.,-8.));
#2860=DIRECTION('',(0.,1.,0.));
#2861=VECTOR('',#2860,2.);
#2862=LINE('',#2859,#2861);
#2863=EDGE_CURVE('',#147,#963,#2862,.T.);
#2864=ORIENTED_EDGE('',*,*,#2863,.T.);
#2865=ORIENTED_EDGE('',*,*,#971,.T.);
#2866=CARTESIAN_POINT('',(21.,95.,-8.));
#2867=DIRECTION('',(0.,1.,0.));
#2868=VECTOR('',#2867,2.);
#2869=LINE('',#2866,#2868);
#2870=EDGE_CURVE('',#155,#965,#2869,.T.);
#2871=ORIENTED_EDGE('',*,*,#2870,.F.);
#2872=ORIENTED_EDGE('',*,*,#161,.F.);
#2873=EDGE_LOOP('',(#2864,#2865,#2871,#2872));
#2874=FACE_BOUND('',#2873,.T.);
#2875=ADVANCED_FACE('',(#2874),#2858,.F.);
#2876=CARTESIAN_POINT('',(21.,94.,0.));
#2877=DIRECTION('',(-1.,0.,0.));
#2878=DIRECTION('',(0.,0.,1.));
#2879=AXIS2_PLACEMENT_3D('',#2876,#2877,#2878);
#2880=PLANE('',#2879);
#2881=ORIENTED_EDGE('',*,*,#2870,.T.);
#2882=ORIENTED_EDGE('',*,*,#1003,.T.);
#2883=CARTESIAN_POINT('',(21.,95.,8.));
#2884=DIRECTION('',(0.,1.,0.));
#2885=VECTOR('',#2884,2.);
#2886=LINE('',#2883,#2885);
#2887=EDGE_CURVE('',#164,#991,#2886,.T.);
#2888=ORIENTED_EDGE('',*,*,#2887,.F.);
#2889=ORIENTED_EDGE('',*,*,#169,.F.);
#2890=EDGE_LOOP('',(#2881,#2882,#2888,#2889));
#2891=FACE_BOUND('',#2890,.T.);
#2892=ADVANCED_FACE('',(#2891),#2880,.F.);
#2893=CARTESIAN_POINT('',(22.,94.,8.));
#2894=DIRECTION('',(0.,1.,0.));
#2895=DIRECTION('',(0.,-0.,1.));
#2896=AXIS2_PLACEMENT_3D('',#2893,#2894,#2895);
#2897=CYLINDRICAL_SURFACE('',#2896,1.);
#2898=CARTESIAN_POINT('',(22.,97.,9.));
#2899=DIRECTION('',(-0.,-1.,-0.));
#2900=VECTOR('',#2899,2.);
#2901=LINE('',#2898,#2900);
#2902=EDGE_CURVE('',#982,#172,#2901,.T.);
#2903=ORIENTED_EDGE('',*,*,#2902,.F.);
#2904=ORIENTED_EDGE('',*,*,#988,.T.);
#2905=CARTESIAN_POINT('',(23.,95.,8.));
#2906=DIRECTION('',(0.,1.,0.));
#2907=VECTOR('',#2906,2.);
#2908=LINE('',#2905,#2907);
#2909=EDGE_CURVE('',#145,#974,#2908,.T.);
#2910=ORIENTED_EDGE('',*,*,#2909,.F.);
#2911=ORIENTED_EDGE('',*,*,#185,.F.);
#2912=EDGE_LOOP('',(#2903,#2904,#2910,#2911));
#2913=FACE_BOUND('',#2912,.T.);
#2914=ADVANCED_FACE('',(#2913),#2897,.F.);
#2915=CARTESIAN_POINT('',(23.,94.,0.));
#2916=DIRECTION('',(1.,0.,0.));
#2917=DIRECTION('',(0.,0.,-1.));
#2918=AXIS2_PLACEMENT_3D('',#2915,#2916,#2917);
#2919=PLANE('',#2918);
#2920=ORIENTED_EDGE('',*,*,#2909,.T.);
#2921=ORIENTED_EDGE('',*,*,#979,.T.);
#2922=ORIENTED_EDGE('',*,*,#2863,.F.);
#2923=ORIENTED_EDGE('',*,*,#152,.F.);
#2924=EDGE_LOOP('',(#2920,#2921,#2922,#2923));
#2925=FACE_BOUND('',#2924,.T.);
#2926=ADVANCED_FACE('',(#2925),#2919,.F.);
#2927=CARTESIAN_POINT('',(34.,94.,-8.));
#2928=DIRECTION('',(0.,1.,0.));
#2929=DIRECTION('',(0.,-0.,1.));
#2930=AXIS2_PLACEMENT_3D('',#2927,#2928,#2929);
#2931=CYLINDRICAL_SURFACE('',#2930,1.);
#2932=CARTESIAN_POINT('',(35.,95.,-8.));
#2933=DIRECTION('',(0.,1.,0.));
#2934=VECTOR('',#2933,2.);
#2935=LINE('',#2932,#2934);
#2936=EDGE_CURVE('',#102,#918,#2935,.T.);
#2937=ORIENTED_EDGE('',*,*,#2936,.T.);
#2938=ORIENTED_EDGE('',*,*,#926,.T.);
#2939=CARTESIAN_POINT('',(33.,95.,-8.));
#2940=DIRECTION('',(0.,1.,0.));
#2941=VECTOR('',#2940,2.);
#2942=LINE('',#2939,#2941);
#2943=EDGE_CURVE('',#110,#920,#2942,.T.);
#2944=ORIENTED_EDGE('',*,*,#2943,.F.);
#2945=ORIENTED_EDGE('',*,*,#116,.F.);
#2946=EDGE_LOOP('',(#2937,#2938,#2944,#2945));
#2947=FACE_BOUND('',#2946,.T.);
#2948=ADVANCED_FACE('',(#2947),#2931,.F.);
#2949=CARTESIAN_POINT('',(33.,94.,0.));
#2950=DIRECTION('',(-1.,0.,0.));
#2951=DIRECTION('',(0.,0.,1.));
#2952=AXIS2_PLACEMENT_3D('',#2949,#2950,#2951);
#2953=PLANE('',#2952);
#2954=ORIENTED_EDGE('',*,*,#2943,.T.);
#2955=ORIENTED_EDGE('',*,*,#958,.T.);
#2956=CARTESIAN_POINT('',(33.,95.,8.));
#2957=DIRECTION('',(0.,1.,0.));
#2958=VECTOR('',#2957,2.);
#2959=LINE('',#2956,#2958);
#2960=EDGE_CURVE('',#119,#946,#2959,.T.);
#2961=ORIENTED_EDGE('',*,*,#2960,.F.);
#2962=ORIENTED_EDGE('',*,*,#124,.F.);
#2963=EDGE_LOOP('',(#2954,#2955,#2961,#2962));
#2964=FACE_BOUND('',#2963,.T.);
#2965=ADVANCED_FACE('',(#2964),#2953,.F.);
#2966=CARTESIAN_POINT('',(34.,94.,8.));
#2967=DIRECTION('',(0.,1.,0.));
#2968=DIRECTION('',(0.,-0.,1.));
#2969=AXIS2_PLACEMENT_3D('',#2966,#2967,#2968);
#2970=CYLINDRICAL_SURFACE('',#2969,1.);
#2971=CARTESIAN_POINT('',(34.,97.,9.));
#2972=DIRECTION('',(-0.,-1.,-0.));
#2973=VECTOR('',#2972,2.);
#2974=LINE('',#2971,#2973);
#2975=EDGE_CURVE('',#937,#127,#2974,.T.);
#2976=ORIENTED_EDGE('',*,*,#2975,.F.);
#2977=ORIENTED_EDGE('',*,*,#943,.T.);
#2978=CARTESIAN_POINT('',(35.,95.,8.));
#2979=DIRECTION('',(0.,1.,0.));
#2980=VECTOR('',#2979,2.);
#2981=LINE('',#2978,#2980);
#2982=EDGE_CURVE('',#100,#929,#2981,.T.);
#2983=ORIENTED_EDGE('',*,*,#2982,.F.);
#2984=ORIENTED_EDGE('',*,*,#140,.F.);
#2985=EDGE_LOOP('',(#2976,#2977,#2983,#2984));
#2986=FACE_BOUND('',#2985,.T.);
#2987=ADVANCED_FACE('',(#2986),#2970,.F.);
#2988=CARTESIAN_POINT('',(35.,94.,0.));
#2989=DIRECTION('',(1.,0.,0.));
#2990=DIRECTION('',(0.,0.,-1.));
#2991=AXIS2_PLACEMENT_3D('',#2988,#2989,#2990);
#2992=PLANE('',#2991);
#2993=ORIENTED_EDGE('',*,*,#2982,.T.);
#2994=ORIENTED_EDGE('',*,*,#934,.T.);
#2995=ORIENTED_EDGE('',*,*,#2936,.F.);
#2996=ORIENTED_EDGE('',*,*,#107,.F.);
#2997=EDGE_LOOP('',(#2993,#2994,#2995,#2996));
#2998=FACE_BOUND('',#2997,.T.);
#2999=ADVANCED_FACE('',(#2998),#2992,.F.);
#3000=CARTESIAN_POINT('',(38.,94.,-8.));
#3001=DIRECTION('',(0.,1.,0.));
#3002=DIRECTION('',(0.,-0.,1.));
#3003=AXIS2_PLACEMENT_3D('',#3000,#3001,#3002);
#3004=CYLINDRICAL_SURFACE('',#3003,1.);
#3005=CARTESIAN_POINT('',(39.,95.,-8.));
#3006=DIRECTION('',(0.,1.,0.));
#3007=VECTOR('',#3006,2.);
#3008=LINE('',#3005,#3007);
#3009=EDGE_CURVE('',#57,#873,#3008,.T.);
#3010=ORIENTED_EDGE('',*,*,#3009,.T.);
#3011=ORIENTED_EDGE('',*,*,#881,.T.);
#3012=CARTESIAN_POINT('',(37.,95.,-8.));
#3013=DIRECTION('',(0.,1.,0.));
#3014=VECTOR('',#3013,2.);
#3015=LINE('',#3012,#3014);
#3016=EDGE_CURVE('',#65,#875,#3015,.T.);
#3017=ORIENTED_EDGE('',*,*,#3016,.F.);
#3018=ORIENTED_EDGE('',*,*,#71,.F.);
#3019=EDGE_LOOP('',(#3010,#3011,#3017,#3018));
#3020=FACE_BOUND('',#3019,.T.);
#3021=ADVANCED_FACE('',(#3020),#3004,.F.);
#3022=CARTESIAN_POINT('',(37.,94.,0.));
#3023=DIRECTION('',(-1.,0.,0.));
#3024=DIRECTION('',(0.,0.,1.));
#3025=AXIS2_PLACEMENT_3D('',#3022,#3023,#3024);
#3026=PLANE('',#3025);
#3027=ORIENTED_EDGE('',*,*,#3016,.T.);
#3028=ORIENTED_EDGE('',*,*,#913,.T.);
#3029=CARTESIAN_POINT('',(37.,95.,8.));
#3030=DIRECTION('',(0.,1.,0.));
#3031=VECTOR('',#3030,2.);
#3032=LINE('',#3029,#3031);
#3033=EDGE_CURVE('',#74,#901,#3032,.T.);
#3034=ORIENTED_EDGE('',*,*,#3033,.F.);
#3035=ORIENTED_EDGE('',*,*,#79,.F.);
#3036=EDGE_LOOP('',(#3027,#3028,#3034,#3035));
#3037=FACE_BOUND('',#3036,.T.);
#3038=ADVANCED_FACE('',(#3037),#3026,.F.);
#3039=CARTESIAN_POINT('',(38.,94.,8.));
#3040=DIRECTION('',(0.,1.,0.));
#3041=DIRECTION('',(0.,-0.,1.));
#3042=AXIS2_PLACEMENT_3D('',#3039,#3040,#3041);
#3043=CYLINDRICAL_SURFACE('',#3042,1.);
#3044=CARTESIAN_POINT('',(38.,97.,9.));
#3045=DIRECTION('',(-0.,-1.,-0.));
#3046=VECTOR('',#3045,2.);
#3047=LINE('',#3044,#3046);
#3048=EDGE_CURVE('',#892,#82,#3047,.T.);
#3049=ORIENTED_EDGE('',*,*,#3048,.F.);
#3050=ORIENTED_EDGE('',*,*,#898,.T.);
#3051=CARTESIAN_POINT('',(39.,95.,8.));
#3052=DIRECTION('',(0.,1.,0.));
#3053=VECTOR('',#3052,2.);
#3054=LINE('',#3051,#3053);
#3055=EDGE_CURVE('',#55,#884,#3054,.T.);
#3056=ORIENTED_EDGE('',*,*,#3055,.F.);
#3057=ORIENTED_EDGE('',*,*,#95,.F.);
#3058=EDGE_LOOP('',(#3049,#3050,#3056,#3057));
#3059=FACE_BOUND('',#3058,.T.);
#3060=ADVANCED_FACE('',(#3059),#3043,.F.);
#3061=CARTESIAN_POINT('',(39.,94.,0.));
#3062=DIRECTION('',(1.,0.,0.));
#3063=DIRECTION('',(0.,0.,-1.));
#3064=AXIS2_PLACEMENT_3D('',#3061,#3062,#3063);
#3065=PLANE('',#3064);
#3066=ORIENTED_EDGE('',*,*,#3055,.T.);
#3067=ORIENTED_EDGE('',*,*,#889,.T.);
#3068=ORIENTED_EDGE('',*,*,#3009,.F.);
#3069=ORIENTED_EDGE('',*,*,#62,.F.);
#3070=EDGE_LOOP('',(#3066,#3067,#3068,#3069));
#3071=FACE_BOUND('',#3070,.T.);
#3072=ADVANCED_FACE('',(#3071),#3065,.F.);
#3073=CARTESIAN_POINT('',(-0.5,95.,-11.5));
#3074=DIRECTION('',(0.,1.,0.));
#3075=DIRECTION('',(0.,-0.,1.));
#3076=AXIS2_PLACEMENT_3D('',#3073,#3074,#3075);
#3077=CYLINDRICAL_SURFACE('',#3076,1.651);
#3078=CARTESIAN_POINT('',(-0.5,97.,-9.849));
#3079=DIRECTION('',(-0.,-1.,-0.));
#3080=VECTOR('',#3079,2.);
#3081=LINE('',#3078,#3080);
#3082=EDGE_CURVE('',#862,#44,#3081,.T.);
#3083=ORIENTED_EDGE('',*,*,#3082,.F.);
#3084=ORIENTED_EDGE('',*,*,#868,.T.);
#3085=ORIENTED_EDGE('',*,*,#3082,.T.);
#3086=ORIENTED_EDGE('',*,*,#50,.F.);
#3087=EDGE_LOOP('',(#3083,#3084,#3085,#3086));
#3088=FACE_BOUND('',#3087,.T.);
#3089=ADVANCED_FACE('',(#3088),#3077,.F.);
#3090=CARTESIAN_POINT('',(-0.5,95.,11.5));
#3091=DIRECTION('',(0.,1.,0.));
#3092=DIRECTION('',(0.,-0.,1.));
#3093=AXIS2_PLACEMENT_3D('',#3090,#3091,#3092);
#3094=CYLINDRICAL_SURFACE('',#3093,1.651);
#3095=CARTESIAN_POINT('',(-0.5,97.,13.151));
#3096=DIRECTION('',(-0.,-1.,-0.));
#3097=VECTOR('',#3096,2.);
#3098=LINE('',#3095,#3097);
#3099=EDGE_CURVE('',#851,#33,#3098,.T.);
#3100=ORIENTED_EDGE('',*,*,#3099,.F.);
#3101=ORIENTED_EDGE('',*,*,#857,.T.);
#3102=ORIENTED_EDGE('',*,*,#3099,.T.);
#3103=ORIENTED_EDGE('',*,*,#39,.F.);
#3104=EDGE_LOOP('',(#3100,#3101,#3102,#3103));
#3105=FACE_BOUND('',#3104,.T.);
#3106=ADVANCED_FACE('',(#3105),#3094,.F.);
#3107=CARTESIAN_POINT('',(-22.,94.,8.));
#3108=DIRECTION('',(0.,1.,0.));
#3109=DIRECTION('',(0.,-0.,1.));
#3110=AXIS2_PLACEMENT_3D('',#3107,#3108,#3109);
#3111=CYLINDRICAL_SURFACE('',#3110,1.);
#3112=ORIENTED_EDGE('',*,*,#2374,.T.);
#3113=ORIENTED_EDGE('',*,*,#681,.F.);
#3114=ORIENTED_EDGE('',*,*,#2360,.T.);
#3115=ORIENTED_EDGE('',*,*,#1455,.T.);
#3116=EDGE_LOOP('',(#3112,#3113,#3114,#3115));
#3117=FACE_BOUND('',#3116,.T.);
#3118=ADVANCED_FACE('',(#3117),#3111,.F.);
#3119=CARTESIAN_POINT('',(-30.,94.,8.));
#3120=DIRECTION('',(0.,1.,0.));
#3121=DIRECTION('',(0.,-0.,1.));
#3122=AXIS2_PLACEMENT_3D('',#3119,#3120,#3121);
#3123=CYLINDRICAL_SURFACE('',#3122,1.);
#3124=ORIENTED_EDGE('',*,*,#2447,.T.);
#3125=ORIENTED_EDGE('',*,*,#296,.F.);
#3126=ORIENTED_EDGE('',*,*,#2433,.T.);
#3127=ORIENTED_EDGE('',*,*,#1500,.T.);
#3128=EDGE_LOOP('',(#3124,#3125,#3126,#3127));
#3129=FACE_BOUND('',#3128,.T.);
#3130=ADVANCED_FACE('',(#3129),#3123,.F.);
#3131=CARTESIAN_POINT('',(-26.,94.,8.));
#3132=DIRECTION('',(0.,1.,0.));
#3133=DIRECTION('',(0.,-0.,1.));
#3134=AXIS2_PLACEMENT_3D('',#3131,#3132,#3133);
#3135=CYLINDRICAL_SURFACE('',#3134,1.);
#3136=ORIENTED_EDGE('',*,*,#2520,.T.);
#3137=ORIENTED_EDGE('',*,*,#726,.F.);
#3138=ORIENTED_EDGE('',*,*,#2506,.T.);
#3139=ORIENTED_EDGE('',*,*,#1545,.T.);
#3140=EDGE_LOOP('',(#3136,#3137,#3138,#3139));
#3141=FACE_BOUND('',#3140,.T.);
#3142=ADVANCED_FACE('',(#3141),#3135,.F.);
#3143=CARTESIAN_POINT('',(26.,94.,8.));
#3144=DIRECTION('',(0.,1.,0.));
#3145=DIRECTION('',(0.,-0.,1.));
#3146=AXIS2_PLACEMENT_3D('',#3143,#3144,#3145);
#3147=CYLINDRICAL_SURFACE('',#3146,1.);
#3148=ORIENTED_EDGE('',*,*,#2610,.T.);
#3149=ORIENTED_EDGE('',*,*,#268,.F.);
#3150=ORIENTED_EDGE('',*,*,#2595,.T.);
#3151=ORIENTED_EDGE('',*,*,#1087,.T.);
#3152=EDGE_LOOP('',(#3148,#3149,#3150,#3151));
#3153=FACE_BOUND('',#3152,.T.);
#3154=ADVANCED_FACE('',(#3153),#3147,.F.);
#3155=CARTESIAN_POINT('',(-34.,94.,8.));
#3156=DIRECTION('',(0.,1.,0.));
#3157=DIRECTION('',(0.,-0.,1.));
#3158=AXIS2_PLACEMENT_3D('',#3155,#3156,#3157);
#3159=CYLINDRICAL_SURFACE('',#3158,1.);
#3160=ORIENTED_EDGE('',*,*,#2666,.T.);
#3161=ORIENTED_EDGE('',*,*,#206,.F.);
#3162=ORIENTED_EDGE('',*,*,#2652,.T.);
#3163=ORIENTED_EDGE('',*,*,#1590,.T.);
#3164=EDGE_LOOP('',(#3160,#3161,#3162,#3163));
#3165=FACE_BOUND('',#3164,.T.);
#3166=ADVANCED_FACE('',(#3165),#3159,.F.);
#3167=CARTESIAN_POINT('',(30.,94.,8.));
#3168=DIRECTION('',(0.,1.,0.));
#3169=DIRECTION('',(0.,-0.,1.));
#3170=AXIS2_PLACEMENT_3D('',#3167,#3168,#3169);
#3171=CYLINDRICAL_SURFACE('',#3170,1.);
#3172=ORIENTED_EDGE('',*,*,#2756,.T.);
#3173=ORIENTED_EDGE('',*,*,#788,.F.);
#3174=ORIENTED_EDGE('',*,*,#2741,.T.);
#3175=ORIENTED_EDGE('',*,*,#1042,.T.);
#3176=EDGE_LOOP('',(#3172,#3173,#3174,#3175));
#3177=FACE_BOUND('',#3176,.T.);
#3178=ADVANCED_FACE('',(#3177),#3171,.F.);
#3179=CARTESIAN_POINT('',(-38.,94.,8.));
#3180=DIRECTION('',(0.,1.,0.));
#3181=DIRECTION('',(0.,-0.,1.));
#3182=AXIS2_PLACEMENT_3D('',#3179,#3180,#3181);
#3183=CYLINDRICAL_SURFACE('',#3182,1.);
#3184=ORIENTED_EDGE('',*,*,#2812,.T.);
#3185=ORIENTED_EDGE('',*,*,#816,.F.);
#3186=ORIENTED_EDGE('',*,*,#2798,.T.);
#3187=ORIENTED_EDGE('',*,*,#1635,.T.);
#3188=EDGE_LOOP('',(#3184,#3185,#3186,#3187));
#3189=FACE_BOUND('',#3188,.T.);
#3190=ADVANCED_FACE('',(#3189),#3183,.F.);
#3191=CARTESIAN_POINT('',(22.,94.,8.));
#3192=DIRECTION('',(0.,1.,0.));
#3193=DIRECTION('',(0.,-0.,1.));
#3194=AXIS2_PLACEMENT_3D('',#3191,#3192,#3193);
#3195=CYLINDRICAL_SURFACE('',#3194,1.);
#3196=ORIENTED_EDGE('',*,*,#2902,.T.);
#3197=ORIENTED_EDGE('',*,*,#178,.F.);
#3198=ORIENTED_EDGE('',*,*,#2887,.T.);
#3199=ORIENTED_EDGE('',*,*,#997,.T.);
#3200=EDGE_LOOP('',(#3196,#3197,#3198,#3199));
#3201=FACE_BOUND('',#3200,.T.);
#3202=ADVANCED_FACE('',(#3201),#3195,.F.);
#3203=CARTESIAN_POINT('',(34.,94.,8.));
#3204=DIRECTION('',(0.,1.,0.));
#3205=DIRECTION('',(0.,-0.,1.));
#3206=AXIS2_PLACEMENT_3D('',#3203,#3204,#3205);
#3207=CYLINDRICAL_SURFACE('',#3206,1.);
#3208=ORIENTED_EDGE('',*,*,#2975,.T.);
#3209=ORIENTED_EDGE('',*,*,#133,.F.);
#3210=ORIENTED_EDGE('',*,*,#2960,.T.);
#3211=ORIENTED_EDGE('',*,*,#952,.T.);
#3212=EDGE_LOOP('',(#3208,#3209,#3210,#3211));
#3213=FACE_BOUND('',#3212,.T.);
#3214=ADVANCED_FACE('',(#3213),#3207,.F.);
#3215=CARTESIAN_POINT('',(38.,94.,8.));
#3216=DIRECTION('',(0.,1.,0.));
#3217=DIRECTION('',(0.,-0.,1.));
#3218=AXIS2_PLACEMENT_3D('',#3215,#3216,#3217);
#3219=CYLINDRICAL_SURFACE('',#3218,1.);
#3220=ORIENTED_EDGE('',*,*,#3048,.T.);
#3221=ORIENTED_EDGE('',*,*,#88,.F.);
#3222=ORIENTED_EDGE('',*,*,#3033,.T.);
#3223=ORIENTED_EDGE('',*,*,#907,.T.);
#3224=EDGE_LOOP('',(#3220,#3221,#3222,#3223));
#3225=FACE_BOUND('',#3224,.T.);
#3226=ADVANCED_FACE('',(#3225),#3219,.F.);
#3227=CLOSED_SHELL('',(#844,#1662,#1684,#1701,#1718,#1735,#1752,#1769,#1786,#1798,#1820,#1837,#1854,#1871,#1888,#1900,#1922,#1939,#1956,#1973,#1990,#2002,#2024,#2041,#2058,#2075,
#2092,#2104,#2126,#2143,#2160,#2177,#2194,#2206,#2228,#2245,#2262,#2279,#2296,#2313,#2330,#2342,#2364,#2386,#2403,#2415,#2437,#2459,#2476,#2488,#2510,
#2532,#2549,#2561,#2583,#2600,#2622,#2634,#2656,#2678,#2695,#2707,#2729,#2746,#2768,#2780,#2802,#2824,#2841,#2853,#2875,#2892,#2914,#2926,#2948,#2965,
#2987,#2999,#3021,#3038,#3060,#3072,#3089,#3106,#3118,#3130,#3142,#3154,#3166,#3178,#3190,#3202,#3214,#3226));
#3228=MANIFOLD_SOLID_BREP('back plate',#3227);
#3229=COLOUR_RGB('',0.360784322,0.360784322,0.360784322);
#3230=FILL_AREA_STYLE_COLOUR('',#3229);
#3231=FILL_AREA_STYLE('',(#3230));
#3232=SURFACE_STYLE_FILL_AREA(#3231);
#3233=SURFACE_SIDE_STYLE('',(#3232));
#3234=SURFACE_STYLE_USAGE(.BOTH.,#3233);
#3235=PRESENTATION_STYLE_ASSIGNMENT((#3234));
#26=STYLED_ITEM('',(#3235),#3228);
#16=SHAPE_REPRESENTATION('back plate',(#15),#10);
#17=ADVANCED_BREP_SHAPE_REPRESENTATION('back plate',(#3228),#10);
#3243=SHAPE_REPRESENTATION_RELATIONSHIP('','',#16,#17);
#3244=CARTESIAN_POINT('',(0.,0.,0.));
#3245=DIRECTION('',(0.,0.,1.));
#3246=DIRECTION('',(1.,0.,0.));
#3247=AXIS2_PLACEMENT_3D('',#3244,#3245,#3246);
#3249=MAPPED_ITEM('',#3248,#3247);
#3248=REPRESENTATION_MAP(#3247,#16);
#3250=APPLICATION_CONTEXT('Managed model based 3d engineering');
#3251=APPLICATION_PROTOCOL_DEFINITION('international standard','ap242_managed_model_based_3d_engineering',2014,#3250);
#3252=PRODUCT_CONTEXT('',#3250,'mechanical');
#3253=PRODUCT_DEFINITION_CONTEXT('part definition',#3250,'design');
#24=PRODUCT('back plate','back plate','',(#3252));
#3254=PRODUCT_RELATED_PRODUCT_CATEGORY('part','',(#24));
#3255=PRODUCT_DEFINITION_FORMATION_WITH_SPECIFIED_SOURCE('','',#24,.NOT_KNOWN.);
#25=PRODUCT_DEFINITION('design','',#3255,#3253);
#23=PRODUCT_DEFINITION_SHAPE('','',#25);
#3256=SHAPE_DEFINITION_REPRESENTATION(#23,#16);
#11=DRAUGHTING_MODEL('',(#3249),#10);
#3257=DESCRIPTIVE_REPRESENTATION_ITEM('KEY','/Users/georgewhite/Library/Containers/com.shapr3d.shapr/Data/tmp/89576881-6411-4434-B658-95EDA58A22A3.tmp');
#3258=PROPERTY_DEFINITION('KEY','',#25);
#3259=REPRESENTATION('',(#3257),#10);
#3260=PROPERTY_DEFINITION_REPRESENTATION(#3258,#3259);
#3261=GENERAL_PROPERTY('','KEY','');
#3262=GENERAL_PROPERTY_ASSOCIATION('','',#3261,#3258);
#1=MECHANICAL_DESIGN_GEOMETRIC_PRESENTATION_REPRESENTATION('',(#26),#10);
ENDSEC;
END-ISO-10303-21;
